{"stats":{"minecraft:killed_by":{"creeperoverhaul:ocean_creeper":1,"minecraft:player":1},"minecraft:used":{"minecraft:moss_carpet":52,"minecraft:light_gray_dye":1,"minecraft:iron_shovel":452,"minecraft:dispenser":1,"minecraft:poppy":3,"minecraft:mangrove_button":1,"minecraft:black_carpet":1,"minecraft:chest":8,"minecraft:shield":104,"minecraft:stone":8,"minecraft:iron_sword":709,"immersive_weathering:ivy":7,"handcrafted:stackable_book":4,"minecraft:lily_of_the_valley":1,"minecraft:carrot":51,"minecraft:cracked_deepslate_tiles":3,"minecraft:axolotl_bucket":1,"minecraft:azure_bluet":3,"minecraft:milk_bucket":2,"minecraft:glass":21,"minecraft:mangrove_log":7,"minecraft:mangrove_stairs":7,"minecraft:grass_block":1,"minecraft:lantern":3,"minecraft:blue_orchid":2,"minecraft:item_frame":4,"minecraft:bow":124,"minecraft:mangrove_roots":104,"minecraft:furnace":11,"minecraft:oak_sapling":54,"minecraft:mangrove_slab":24,"minecraft:gray_bed":8,"minecraft:egg":26,"minecraft:skeleton_skull":1,"immersive_aircraft:biplane":2,"minecraft:potato":53,"minecraft:mangrove_leaves":39,"minecraft:powered_rail":3,"minecraft:stone_pickaxe":262,"naturalist:cooked_egg":137,"minecraft:oak_planks":1,"minecraft:mangrove_planks":159,"minecraft:wooden_pickaxe":11,"minecraft:composter":3,"overweight_farming:overweight_carrot_block":4,"minecraft:sugar_cane":63,"minecraft:oak_leaves":128,"minecraft:glow_berries":13,"minecraft:sand":2,"minecraft:crossbow":3,"minecraft:black_bed":3,"minecraft:shears":42,"minecraft:pumpkin_seeds":4,"minecraft:redstone_torch":1,"minecraft:deepslate_tiles":128,"minecraft:bread":144,"minecraft:melon_slice":4,"minecraft:cyan_carpet":7,"minecraft:deepslate":8,"minecraft:gravel":23,"handcrafted:mangrove_table":6,"another_furniture:mangrove_chair":7,"minecraft:cooked_rabbit":2,"minecraft:oak_boat":2,"minecraft:coarse_dirt":1,"minecraft:bone_meal":82,"minecraft:experience_bottle":5,"minecraft:oak_fence":80,"minecraft:enchanting_table":1,"minecraft:flint_and_steel":5,"minecraft:spruce_planks":18,"minecraft:mangrove_fence":8,"minecraft:cooked_salmon":17,"minecraft:stone_hoe":366,"another_furniture:black_lamp":3,"minecraft:stick":2,"minecraft:oak_door":7,"minecraft:torch":235,"minecraft:dirt":110,"minecraft:spyglass":29,"minecraft:hopper":18,"minecraft:cobblestone_wall":15,"minecraft:oak_fence_gate":3,"minecraft:iron_hoe":36,"minecraft:bookshelf":19,"minecraft:oak_stairs":1,"minecraft:iron_axe":1539,"minecraft:totem_of_undying":1,"minecraft:barrel":28,"minecraft:bamboo":3,"immersive_weathering:weeds":27,"variantcraftingtables:mangrove_crafting_table":5,"minecraft:goat_horn":3,"minecraft:trapped_chest":1,"minecraft:cooked_beef":13,"minecraft:cobbled_deepslate":28,"minecraft:light_gray_bed":1,"minecraft:pumpkin":5,"minecraft:mangrove_boat":1,"minecraft:wheat_seeds":1356,"minecraft:cooked_mutton":2,"minecraft:water_bucket":29,"minecraft:cobblestone_stairs":47,"minecraft:birch_boat":1,"minecraft:white_dye":3,"minecraft:fletching_table":2,"minecraft:green_bed":3,"minecraft:cobblestone_slab":17,"minecraft:leather_boots":1,"minecraft:mossy_cobblestone":1,"minecraft:rail":2,"minecraft:mangrove_trapdoor":18,"minecraft:crafting_table":20,"minecraft:red_bed":4,"minecraft:campfire":2,"immersive_weathering:silt":58,"minecraft:mangrove_sign":3,"minecraft:smoker":6,"minecraft:deepslate_tile_wall":12,"minecraft:oak_log":4,"minecraft:flower_pot":2,"minecraft:apple":8,"minecraft:oxeye_daisy":2,"man_of_many_planes:scarlet_biplane":1,"minecraft:mangrove_propagule":1,"minecraft:iron_pickaxe":879,"minecraft:spruce_trapdoor":14,"minecraft:stone_axe":193,"minecraft:cobblestone":119,"minecraft:white_banner":24,"minecraft:cooked_porkchop":24,"minecraft:bucket":29,"minecraft:pumpkin_pie":4,"minecraft:dandelion":8},"minecraft:mined":{"another_furniture:mangrove_chair":4,"minecraft:oak_sapling":1,"minecraft:farmland":12,"minecraft:cobblestone_stairs":42,"minecraft:spruce_trapdoor":4,"minecraft:deepslate_tile_wall":2,"minecraft:grass_block":192,"minecraft:mangrove_fence":2,"minecraft:hopper":15,"minecraft:oxeye_daisy":1,"overweight_farming:overweight_carrot_block":4,"minecraft:smooth_stone":5,"minecraft:cobbled_deepslate":4,"immersive_weathering:mossy_stone":1,"minecraft:iron_ore":92,"minecraft:barrel":21,"minecraft:fire":7,"minecraft:pumpkin":25,"minecraft:moss_carpet":3,"minecraft:deepslate_lapis_ore":7,"minecraft:fletching_table":1,"minecraft:azure_bluet":5,"supplementaries:stick":2,"immersive_weathering:loam":31,"minecraft:oak_stairs":1,"betterarcheology:loot_vase":1,"minecraft:white_banner":7,"minecraft:blue_orchid":2,"minecraft:green_bed":1,"immersive_weathering:oak_leaf_pile":290,"minecraft:deepslate_redstone_ore":3,"minecraft:red_bed":4,"minecraft:smoker":7,"minecraft:torch":4,"immersive_weathering:grassy_silt":39,"minecraft:poppy":6,"minecraft:melon":24,"minecraft:chest":1,"minecraft:dead_bush":3,"handcrafted:mangrove_table":2,"minecraft:glass":1,"minecraft:cobblestone":27,"minecraft:oak_planks":1,"minecraft:sugar_cane":86,"minecraft:wall_torch":7,"minecraft:wheat":501,"minecraft:grass":1182,"minecraft:cracked_deepslate_tiles":4,"sleep_tight:infested_bed":1,"minecraft:oak_log":31,"minecraft:oak_fence_gate":1,"minecraft:sand":18,"minecraft:dirt":145,"minecraft:mangrove_log":14,"immersive_weathering:weeds":4,"minecraft:stonecutter":1,"minecraft:oak_leaves":9,"minecraft:deepslate":178,"minecraft:deepslate_tiles":12,"minecraft:deepslate_diamond_ore":11,"minecraft:oak_door":4,"minecraft:mangrove_roots":397,"minecraft:mangrove_wall_sign":3,"minecraft:mangrove_trapdoor":11,"minecraft:mangrove_propagule":106,"minecraft:large_fern":3,"minecraft:hay_block":5,"minecraft:redstone_ore":4,"minecraft:furnace":8,"minecraft:carrots":14,"treechop:chopped_log":87,"minecraft:bookshelf":10,"minecraft:potatoes":38,"minecraft:deepslate_iron_ore":28,"minecraft:cobblestone_slab":11,"minecraft:vine":11,"immersive_weathering:silt":20,"immersive_weathering:ivy":10,"minecraft:stone":287,"minecraft:acacia_leaves":1,"minecraft:mangrove_stairs":7,"minecraft:lily_of_the_valley":1,"minecraft:dandelion":10,"minecraft:oak_fence":35,"minecraft:crafting_table":17,"minecraft:rose_bush":23,"immersive_weathering:mangrove_leaf_pile":870,"minecraft:copper_ore":3,"minecraft:tall_grass":136,"minecraft:deepslate_gold_ore":28,"minecraft:lapis_ore":18,"variantcraftingtables:mangrove_crafting_table":3,"supplementaries:urn":13,"minecraft:trapped_chest":1,"betterarcheology:loot_vase_creeper":2,"minecraft:cobblestone_wall":6,"minecraft:gray_bed":6,"minecraft:mangrove_planks":80,"minecraft:mangrove_leaves":49,"minecraft:mangrove_slab":23,"minecraft:coal_ore":297,"minecraft:cyan_carpet":5,"minecraft:gravel":65,"minecraft:flower_pot":1,"minecraft:gray_carpet":1,"minecraft:gold_ore":1,"another_furniture:black_lamp":3,"minecraft:fern":5},"minecraft:crafted":{"minecraft:mangrove_button":1,"minecraft:oak_planks":284,"minecraft:barrel":6,"minecraft:birch_boat":1,"minecraft:cooked_chicken":4,"minecraft:mangrove_boat":1,"minecraft:cobblestone_stairs":8,"another_furniture:mangrove_chair":3,"minecraft:bookshelf":13,"handcrafted:mangrove_table":4,"minecraft:hopper":3,"minecraft:mangrove_fence":12,"minecraft:bow":4,"minecraft:iron_boots":2,"minecraft:mangrove_stairs":12,"minecraft:chest":12,"minecraft:stone_hoe":2,"minecraft:oak_fence":45,"variantcraftingtables:mangrove_crafting_table":2,"minecraft:gray_bed":3,"minecraft:smoker":1,"minecraft:oak_slab":18,"minecraft:item_frame":3,"minecraft:arrow":32,"minecraft:cooked_porkchop":24,"minecraft:crafting_table":3,"minecraft:wooden_pickaxe":1,"minecraft:iron_helmet":1,"minecraft:mangrove_trapdoor":8,"minecraft:fletching_table":1,"minecraft:mangrove_sign":3,"minecraft:birch_planks":24,"minecraft:pumpkin_seeds":4,"minecraft:campfire":2,"minecraft:light_gray_bed":1,"minecraft:dispenser":1,"minecraft:iron_chestplate":1,"minecraft:charcoal":5,"minecraft:shield":4,"minecraft:stick":120,"minecraft:light_blue_dye":1,"minecraft:iron_ingot":67,"minecraft:iron_pickaxe":1,"minecraft:gold_ingot":2,"minecraft:black_bed":3,"minecraft:light_gray_dye":1,"minecraft:redstone_torch":1,"minecraft:composter":3,"naturalist:cooked_egg":29,"minecraft:shears":3,"minecraft:oak_door":3,"minecraft:raw_iron":18,"minecraft:iron_nugget":18,"minecraft:spyglass":2,"minecraft:furnace":5,"minecraft:bone_meal":39,"minecraft:flint_and_steel":1,"minecraft:lantern":2,"minecraft:iron_axe":5,"minecraft:iron_hoe":1,"minecraft:stone_pickaxe":5,"minecraft:cobblestone_wall":6,"minecraft:deepslate_tile_wall":12,"handcrafted:stackable_book":4,"minecraft:wheat":45,"minecraft:cooked_beef":3,"minecraft:sugar":1,"minecraft:enchanting_table":1,"minecraft:powered_rail":6,"minecraft:iron_sword":1,"minecraft:cooked_salmon":16,"minecraft:mangrove_planks":444,"minecraft:stone_axe":2,"minecraft:bread":112,"minecraft:air":0,"minecraft:oak_boat":1,"minecraft:oak_fence_gate":2,"minecraft:white_dye":3,"minecraft:black_carpet":3,"minecraft:iron_leggings":1,"minecraft:pumpkin_pie":5,"minecraft:torch":264,"minecraft:mangrove_slab":24},"minecraft:dropped":{"minecraft:iron_sword":1,"minecraft:oak_log":138,"minecraft:baked_potato":4,"overweight_farming:overweight_carrot_block":2,"minecraft:diamond":1,"minecraft:crafting_table":1,"minecraft:cookie":4,"minecraft:crossbow":1,"minecraft:lantern":2,"minecraft:leather":1,"minecraft:honeycomb":3,"minecraft:mangrove_planks":17,"minecraft:leather_helmet":3,"minecraft:cobblestone_stairs":3,"minecraft:dirt":106,"minecraft:cornflower":1,"minecraft:cut_sandstone":2,"minecraft:pumpkin_pie":1,"minecraft:bone_meal":4,"minecraft:white_wool":2,"minecraft:bone":9,"naturalist:cooked_egg":68,"minecraft:stone_axe":2,"immersive_weathering:sandy_dirt":10,"minecraft:compass":1,"minecraft:cooked_chicken":5,"minecraft:cobbled_deepslate":4,"minecraft:spyglass":1,"minecraft:iron_nugget":10,"minecraft:golden_chestplate":1,"minecraft:wheat":2,"minecraft:rotten_flesh":57,"minecraft:oak_planks":30,"minecraft:azure_bluet":4,"minecraft:poppy":4,"minecraft:leather_chestplate":1,"minecraft:mangrove_log":24,"minecraft:gunpowder":9,"artifacts:umbrella":1,"minecraft:leather_leggings":1,"minecraft:basalt":3,"minecraft:arrow":22,"minecraft:oak_leaves":140,"minecraft:egg":18,"minecraft:bread":1,"minecraft:iron_ingot":4,"minecraft:golden_boots":1,"minecraft:oak_slab":19,"minecraft:wheat_seeds":229,"minecraft:mossy_cobblestone":1,"minecraft:feather":1,"minecraft:cobblestone":5,"minecraft:copper_ingot":15,"minecraft:coal":78,"minecraft:stick":1,"minecraft:gray_wool":2,"minecraft:torch":53,"minecraft:wooden_axe":1,"minecraft:cooked_salmon":5,"minecraft:potion":1,"minecraft:iron_leggings":1,"minecraft:white_banner":2,"minecraft:iron_axe":2,"minecraft:paper":1,"minecraft:iron_shovel":1,"minecraft:string":2,"minecraft:dandelion":3,"minecraft:redstone":22,"minecraft:furnace":1,"minecraft:moss_carpet":6,"minecraft:tuff":1,"minecraft:raw_iron":57,"minecraft:iron_boots":2,"minecraft:totem_of_undying":2,"minecraft:shears":2,"minecraft:stone":3,"minecraft:shield":1,"minecraft:bundle":1,"minecraft:oak_sapling":19,"minecraft:spider_eye":1,"minecraft:stone_pickaxe":3,"minecraft:bow":5,"minecraft:raw_gold":10,"minecraft:black_wool":1},"minecraft:custom":{"minecraft:animals_bred":42,"minecraft:interact_with_crafting_table":184,"minecraft:open_barrel":584,"minecraft:leave_game":21,"minecraft:time_since_death":907663,"minecraft:sprint_one_cm":2582571,"minecraft:damage_blocked_by_shield":5845,"minecraft:drop":363,"minecraft:talked_to_villager":28,"minecraft:play_time":1220904,"minecraft:deaths":2,"minecraft:jump":22002,"minecraft:walk_on_water_one_cm":93215,"minecraft:enchant_item":12,"minecraft:interact_with_furnace":87,"minecraft:traded_with_villager":11,"minecraft:sleep_in_bed":67,"minecraft:damage_dealt":57228,"minecraft:player_kills":1,"minecraft:crouch_one_cm":100972,"minecraft:interact_with_smoker":60,"minecraft:inspect_dispenser":3,"minecraft:horse_one_cm":5773,"minecraft:interact_with_smithing_table":3,"minecraft:inspect_dropper":1,"minecraft:interact_with_anvil":1,"minecraft:mob_kills":353,"minecraft:inspect_hopper":43,"minecraft:climb_one_cm":103041,"minecraft:walk_one_cm":2984811,"minecraft:sneak_time":41043,"minecraft:walk_under_water_one_cm":72119,"minecraft:boat_one_cm":320634,"minecraft:total_world_time":1220904,"minecraft:raid_trigger":2,"minecraft:pot_flower":3,"minecraft:interact_with_stonecutter":2,"minecraft:time_since_rest":12874,"minecraft:damage_taken":10502,"minecraft:trigger_trapped_chest":2,"minecraft:swim_one_cm":84445,"minecraft:fly_one_cm":4443437,"minecraft:open_chest":251,"minecraft:fall_one_cm":515626},"minecraft:picked_up":{"minecraft:iron_chestplate":1,"minecraft:wheat":599,"minecraft:flower_pot":2,"minecraft:prismarine_shard":1,"minecraft:lead":4,"artifacts:umbrella":1,"minecraft:oak_stairs":1,"minecraft:potion":2,"minecraft:string":21,"minecraft:raw_copper":22,"minecraft:cooked_salmon":6,"minecraft:iron_leggings":2,"minecraft:experience_bottle":3,"minecraft:deepslate_tiles":12,"minecraft:smooth_stone":5,"minecraft:cobbled_deepslate":175,"minecraft:bucket":1,"minecraft:spruce_planks":18,"minecraft:deepslate_tile_wall":2,"minecraft:rose_bush":23,"minecraft:cobblestone_slab":17,"minecraft:azalea":1,"minecraft:iron_pickaxe":1,"minecraft:hopper_minecart":1,"minecraft:melon_slice":182,"minecraft:mangrove_log":496,"minecraft:iron_boots":4,"minecraft:furnace":9,"minecraft:stick":596,"minecraft:oak_fence":35,"minecraft:torch":32,"minecraft:green_bed":3,"minecraft:porkchop":35,"minecraft:golden_chestplate":1,"minecraft:cactus":13,"minecraft:mangrove_stairs":7,"minecraft:rotten_flesh":119,"minecraft:mangrove_roots":394,"supplementaries:ash":42,"minecraft:cobblestone":382,"minecraft:birch_log":7,"minecraft:leather_chestplate":1,"minecraft:feather":9,"minecraft:water_bucket":3,"minecraft:golden_leggings":1,"minecraft:smoker":7,"minecraft:potato":99,"immersive_weathering:silt":58,"minecraft:flint":23,"minecraft:tuff":1,"minecraft:mangrove_slab":23,"overweight_farming:overweight_carrot_block":9,"minecraft:lapis_lazuli":188,"minecraft:dirt":433,"minecraft:lantern":3,"minecraft:mangrove_fence":2,"minecraft:glass":50,"minecraft:leather_boots":2,"minecraft:bone":58,"minecraft:stonecutter":1,"immersive_weathering:weeds":27,"minecraft:bow":7,"minecraft:wheat_seeds":1749,"minecraft:raw_gold":40,"minecraft:bamboo":1,"minecraft:fletching_table":3,"minecraft:glowstone_dust":4,"minecraft:honeycomb":9,"minecraft:oak_planks":8,"minecraft:mossy_stone_brick_stairs":1,"immersive_weathering:tallow":29,"minecraft:cooked_porkchop":7,"overweight_farming:overweight_potato_block":5,"handcrafted:mangrove_table":2,"minecraft:axolotl_bucket":1,"betterarcheology:artifact_shards":1,"minecraft:sand":34,"minecraft:grass_block":1,"minecraft:lily_of_the_valley":1,"minecraft:trapped_chest":2,"minecraft:barrel":21,"minecraft:mossy_cobblestone":3,"minecraft:bundle":4,"minecraft:sugar":1,"minecraft:deepslate":8,"minecraft:diamond":19,"minecraft:writable_book":1,"minecraft:crossbow":2,"overweight_farming:overweight_beetroot_block":6,"minecraft:bone_meal":52,"minecraft:emerald":54,"minecraft:bread":152,"minecraft:oak_sapling":128,"minecraft:oak_leaves":188,"minecraft:coarse_dirt":1,"minecraft:crafting_table":18,"minecraft:azure_bluet":6,"minecraft:chicken":8,"minecraft:golden_pickaxe":1,"minecraft:leather_leggings":1,"minecraft:cooked_rabbit":2,"minecraft:shield":2,"minecraft:red_bed":5,"minecraft:moss_carpet":58,"minecraft:iron_axe":2,"immersive_aircraft:biplane":2,"minecraft:item_frame":1,"minecraft:compass":1,"minecraft:iron_shovel":2,"minecraft:cyan_carpet":7,"minecraft:blue_orchid":3,"minecraft:beef":3,"minecraft:oak_boat":2,"minecraft:iron_nugget":19,"minecraft:poppy":9,"minecraft:light_gray_wool":7,"minecraft:minecart":5,"minecraft:chest":1,"minecraft:sugar_cane":175,"another_furniture:black_lamp":3,"minecraft:spruce_trapdoor":14,"minecraft:egg":372,"minecraft:raw_iron":129,"minecraft:stone":12,"minecraft:oak_door":6,"minecraft:copper_ingot":15,"wildlife:raw_anglerfish":1,"minecraft:spruce_fence":1,"minecraft:mangrove_sign":3,"minecraft:carrot":41,"minecraft:redstone":37,"minecraft:mangrove_trapdoor":11,"minecraft:arrow":133,"minecraft:beetroot_seeds":2,"minecraft:pumpkin_pie":4,"minecraft:hay_block":5,"artifacts:cross_necklace":1,"sleep_tight:bedbug_eggs":1,"minecraft:saddle":5,"minecraft:totem_of_undying":6,"minecraft:cracked_deepslate_tiles":4,"minecraft:mutton":41,"minecraft:rail":16,"minecraft:skeleton_skull":1,"minecraft:white_wool":2,"minecraft:oxeye_daisy":2,"minecraft:basalt":6,"minecraft:salmon":4,"minecraft:cut_sandstone":4,"minecraft:leather":11,"minecraft:birch_planks":3,"minecraft:oak_log":388,"immersive_weathering:ivy":7,"naturalist:cooked_egg":2,"minecraft:gunpowder":21,"minecraft:golden_boots":1,"minecraft:cobblestone_wall":9,"minecraft:cobblestone_stairs":41,"minecraft:white_banner":26,"minecraft:apple":24,"minecraft:stone_pickaxe":1,"minecraft:iron_ingot":3,"minecraft:oak_fence_gate":1,"minecraft:gray_bed":5,"minecraft:mangrove_planks":81,"minecraft:iron_sword":1,"minecraft:green_dye":1,"minecraft:book":86,"minecraft:oak_slab":16,"minecraft:pumpkin":25,"another_furniture:mangrove_chair":4,"minecraft:dandelion":13,"minecraft:spyglass":1,"betterarcheology:bomb":2,"variantcraftingtables:mangrove_crafting_table":3,"minecraft:gravel":87,"minecraft:spider_eye":9,"minecraft:leather_helmet":3,"minecraft:mangrove_leaves":39,"minecraft:firework_rocket":8,"minecraft:pumpkin_seeds":3,"minecraft:slime_ball":5,"minecraft:stone_axe":3,"minecraft:iron_helmet":1,"minecraft:gray_wool":26,"minecraft:black_wool":15,"minecraft:melon_seeds":2,"minecraft:coal":474,"minecraft:mangrove_propagule":130,"minecraft:hopper":14,"minecraft:ender_pearl":3},"minecraft:killed":{"minecraft:witch":16,"minecraft:spider":54,"minecraft:skeleton":62,"minecraft:chicken":8,"creeperoverhaul:cave_creeper":6,"artifacts:mimic":2,"sleep_tight:bedbug":4,"minecraft:pig":18,"minecraft:zombie_villager":8,"minecraft:creeper":24,"minecraft:sheep":60,"minecraft:trader_llama":8,"minecraft:pillager":122,"minecraft:zombie":194,"creeperoverhaul:desert_creeper":2,"minecraft:cow":2,"minecraft:evoker":14,"minecraft:vex":4,"minecraft:vindicator":42,"endermanoverhaul:swamp_enderman":2,"minecraft:husk":28,"minecraft:ravager":8,"minecraft:enderman":4},"minecraft:broken":{"minecraft:iron_shovel":1,"minecraft:iron_boots":1,"minecraft:stone_pickaxe":2,"minecraft:stone_axe":1,"minecraft:iron_sword":1,"minecraft:shield":2,"minecraft:iron_axe":5,"minecraft:iron_pickaxe":2,"minecraft:iron_helmet":1}},"DataVersion":3465}