{"stats":{"minecraft:dropped":{"minecraft:cobblestone":3,"minecraft:rotten_flesh":2,"minecraft:shield":1,"minecraft:torch":5,"minecraft:arrow":13,"minecraft:bow":1,"minecraft:white_wool":1},"minecraft:mined":{"minecraft:acacia_leaves":1,"minecraft:red_bed":4,"minecraft:mangrove_roots":1,"minecraft:torch":1,"minecraft:crafting_table":7,"minecraft:grass_block":3,"immersive_weathering:grassy_silt":1,"minecraft:cobblestone":4,"minecraft:sugar_cane":16,"minecraft:oak_planks":1,"minecraft:mangrove_propagule":6,"minecraft:furnace":1,"minecraft:iron_ore":2,"minecraft:gray_bed":1,"treechop:chopped_log":1,"minecraft:fletching_table":1,"minecraft:grass":3,"minecraft:bookshelf":10,"minecraft:coal_ore":99,"minecraft:deepslate_iron_ore":1,"minecraft:oak_stairs":1,"minecraft:gravel":42,"minecraft:sand":1,"minecraft:cyan_carpet":5,"minecraft:dirt":5,"minecraft:stone":57},"minecraft:used":{"minecraft:iron_shovel":41,"minecraft:stone_pickaxe":153,"minecraft:oak_planks":1,"minecraft:wooden_pickaxe":11,"minecraft:fletching_table":2,"minecraft:leather_boots":1,"minecraft:torch":2,"minecraft:dirt":7,"minecraft:sand":1,"minecraft:crafting_table":7,"minecraft:red_bed":3,"minecraft:oak_stairs":1,"minecraft:cyan_carpet":5,"minecraft:gravel":1,"minecraft:stone_axe":62,"minecraft:cobblestone":5,"minecraft:mangrove_roots":1,"minecraft:furnace":1,"minecraft:cooked_porkchop":6,"minecraft:cooked_beef":1},"minecraft:custom":{"minecraft:interact_with_furnace":9,"minecraft:mob_kills":15,"minecraft:interact_with_crafting_table":18,"minecraft:open_barrel":4,"minecraft:leave_game":1,"minecraft:time_since_death":69455,"minecraft:sleep_in_bed":5,"minecraft:climb_one_cm":2693,"minecraft:time_since_rest":6168,"minecraft:sprint_one_cm":97852,"minecraft:damage_taken":354,"minecraft:walk_one_cm":257952,"minecraft:drop":15,"minecraft:damage_dealt":1984,"minecraft:swim_one_cm":121,"minecraft:talked_to_villager":5,"minecraft:fly_one_cm":158318,"minecraft:open_chest":16,"minecraft:crouch_one_cm":8158,"minecraft:play_time":69455,"minecraft:sneak_time":3621,"minecraft:walk_under_water_one_cm":7795,"minecraft:jump":950,"minecraft:walk_on_water_one_cm":4649,"minecraft:total_world_time":69455,"minecraft:interact_with_smoker":10,"minecraft:fall_one_cm":17902,"minecraft:horse_one_cm":268},"minecraft:picked_up":{"minecraft:birch_log":7,"minecraft:crafting_table":7,"minecraft:feather":6,"minecraft:chicken":3,"minecraft:leather":1,"minecraft:oak_stairs":1,"minecraft:flint":16,"minecraft:oak_log":5,"minecraft:dirt":7,"minecraft:red_bed":4,"minecraft:leather_boots":1,"minecraft:bone":2,"minecraft:cyan_carpet":5,"minecraft:wheat_seeds":1,"minecraft:iron_ingot":1,"minecraft:beef":3,"minecraft:fletching_table":1,"minecraft:sugar_cane":42,"minecraft:oak_planks":1,"immersive_weathering:tallow":12,"minecraft:furnace":1,"minecraft:egg":8,"minecraft:book":30,"minecraft:stick":1,"minecraft:raw_iron":3,"minecraft:torch":1,"minecraft:gravel":33,"minecraft:sand":1,"minecraft:porkchop":13,"minecraft:arrow":2,"minecraft:rotten_flesh":2,"minecraft:mangrove_roots":1,"minecraft:oak_sapling":2,"minecraft:mangrove_propagule":6,"minecraft:mutton":1,"minecraft:coal":99,"minecraft:white_wool":1,"minecraft:cobblestone":61,"minecraft:ender_pearl":1},"minecraft:crafted":{"minecraft:cooked_beef":3,"minecraft:oak_planks":20,"minecraft:arrow":24,"minecraft:cooked_porkchop":13,"minecraft:crafting_table":1,"minecraft:wooden_pickaxe":1,"minecraft:furnace":1,"minecraft:fletching_table":1,"minecraft:birch_planks":16,"minecraft:stone_axe":1,"minecraft:air":0,"minecraft:bow":2,"minecraft:shield":2,"minecraft:stick":24,"minecraft:iron_ingot":1,"minecraft:stone_pickaxe":2,"minecraft:torch":12},"minecraft:broken":{"minecraft:stone_pickaxe":1},"minecraft:killed":{"minecraft:pig":12,"endermanoverhaul:swamp_enderman":2,"minecraft:skeleton":2,"minecraft:sheep":2,"minecraft:zombie":4,"minecraft:chicken":6,"minecraft:cow":2}},"DataVersion":3465}