{"stats":{"minecraft:picked_up":{"minecraft:iron_chestplate":1,"minecraft:wheat":593,"minecraft:flower_pot":2,"minecraft:prismarine_shard":1,"minecraft:lead":4,"artifacts:umbrella":1,"minecraft:oak_stairs":1,"minecraft:potion":2,"minecraft:string":19,"minecraft:raw_copper":22,"minecraft:cooked_salmon":6,"minecraft:iron_leggings":2,"minecraft:experience_bottle":3,"minecraft:smooth_stone":5,"minecraft:cobbled_deepslate":45,"minecraft:bucket":1,"minecraft:spruce_planks":18,"minecraft:rose_bush":23,"minecraft:cobblestone_slab":17,"minecraft:azalea":1,"minecraft:iron_pickaxe":1,"minecraft:hopper_minecart":1,"minecraft:melon_slice":182,"minecraft:mangrove_log":496,"minecraft:iron_boots":4,"minecraft:furnace":9,"minecraft:stick":595,"minecraft:oak_fence":35,"minecraft:torch":31,"minecraft:green_bed":3,"minecraft:porkchop":35,"minecraft:golden_chestplate":1,"minecraft:cactus":13,"minecraft:rotten_flesh":119,"minecraft:mangrove_roots":390,"supplementaries:ash":42,"minecraft:cobblestone":378,"minecraft:birch_log":7,"minecraft:leather_chestplate":1,"minecraft:feather":9,"minecraft:water_bucket":1,"minecraft:golden_leggings":1,"minecraft:smoker":7,"minecraft:potato":99,"immersive_weathering:silt":3,"minecraft:flint":23,"minecraft:tuff":1,"overweight_farming:overweight_carrot_block":3,"minecraft:lapis_lazuli":188,"minecraft:dirt":167,"minecraft:lantern":3,"minecraft:leather_boots":2,"minecraft:bone":54,"immersive_weathering:weeds":21,"minecraft:bow":7,"minecraft:wheat_seeds":1724,"minecraft:raw_gold":40,"minecraft:bamboo":1,"minecraft:fletching_table":3,"minecraft:glowstone_dust":4,"minecraft:honeycomb":9,"minecraft:oak_planks":8,"minecraft:mossy_stone_brick_stairs":1,"immersive_weathering:tallow":29,"minecraft:cooked_porkchop":7,"overweight_farming:overweight_potato_block":5,"handcrafted:mangrove_table":2,"minecraft:axolotl_bucket":1,"betterarcheology:artifact_shards":1,"minecraft:sand":18,"minecraft:grass_block":1,"minecraft:lily_of_the_valley":1,"minecraft:trapped_chest":2,"minecraft:barrel":17,"minecraft:mossy_cobblestone":3,"minecraft:bundle":4,"minecraft:sugar":1,"minecraft:deepslate":8,"minecraft:diamond":19,"minecraft:writable_book":1,"minecraft:crossbow":2,"overweight_farming:overweight_beetroot_block":6,"minecraft:bone_meal":52,"minecraft:emerald":50,"minecraft:bread":152,"minecraft:oak_sapling":128,"minecraft:oak_leaves":188,"minecraft:coarse_dirt":1,"minecraft:crafting_table":17,"minecraft:azure_bluet":6,"minecraft:chicken":8,"minecraft:golden_pickaxe":1,"minecraft:leather_leggings":1,"minecraft:cooked_rabbit":2,"minecraft:shield":2,"minecraft:red_bed":5,"minecraft:moss_carpet":58,"minecraft:iron_axe":2,"immersive_aircraft:biplane":1,"minecraft:item_frame":1,"minecraft:compass":1,"minecraft:iron_shovel":2,"minecraft:cyan_carpet":7,"minecraft:blue_orchid":2,"minecraft:beef":3,"minecraft:iron_nugget":19,"minecraft:poppy":5,"minecraft:light_gray_wool":7,"minecraft:minecart":4,"minecraft:chest":1,"minecraft:sugar_cane":175,"another_furniture:black_lamp":3,"minecraft:spruce_trapdoor":14,"minecraft:egg":372,"minecraft:raw_iron":126,"minecraft:stone":12,"minecraft:oak_door":6,"minecraft:copper_ingot":15,"wildlife:raw_anglerfish":1,"minecraft:spruce_fence":1,"minecraft:mangrove_sign":3,"minecraft:carrot":33,"minecraft:redstone":37,"minecraft:mangrove_trapdoor":8,"minecraft:arrow":124,"minecraft:beetroot_seeds":2,"minecraft:pumpkin_pie":4,"minecraft:hay_block":5,"artifacts:cross_necklace":1,"sleep_tight:bedbug_eggs":1,"minecraft:saddle":5,"minecraft:totem_of_undying":6,"minecraft:mutton":41,"minecraft:rail":16,"minecraft:skeleton_skull":1,"minecraft:white_wool":2,"minecraft:oxeye_daisy":2,"minecraft:basalt":6,"minecraft:salmon":4,"minecraft:cut_sandstone":4,"minecraft:leather":11,"minecraft:birch_planks":3,"minecraft:oak_log":374,"immersive_weathering:ivy":7,"naturalist:cooked_egg":2,"minecraft:gunpowder":19,"minecraft:golden_boots":1,"minecraft:cobblestone_wall":9,"minecraft:cobblestone_stairs":41,"minecraft:white_banner":25,"smallships:cannon_ball":2,"minecraft:apple":24,"minecraft:stone_pickaxe":1,"minecraft:iron_ingot":3,"minecraft:oak_fence_gate":1,"minecraft:gray_bed":5,"minecraft:mangrove_planks":75,"minecraft:iron_sword":1,"minecraft:green_dye":1,"minecraft:book":86,"minecraft:oak_slab":16,"minecraft:pumpkin":23,"another_furniture:mangrove_chair":4,"minecraft:dandelion":12,"minecraft:spyglass":1,"betterarcheology:bomb":2,"variantcraftingtables:mangrove_crafting_table":2,"minecraft:gravel":87,"minecraft:spider_eye":9,"minecraft:leather_helmet":1,"minecraft:firework_rocket":8,"minecraft:pumpkin_seeds":3,"minecraft:slime_ball":5,"minecraft:stone_axe":3,"minecraft:iron_helmet":1,"minecraft:gray_wool":26,"minecraft:black_wool":15,"minecraft:melon_seeds":2,"minecraft:coal":392,"minecraft:mangrove_propagule":129,"minecraft:hopper":14,"minecraft:ender_pearl":3},"minecraft:killed":{"minecraft:witch":16,"minecraft:spider":50,"minecraft:skeleton":58,"minecraft:chicken":8,"creeperoverhaul:cave_creeper":6,"artifacts:mimic":2,"sleep_tight:bedbug":4,"minecraft:pig":18,"minecraft:zombie_villager":8,"minecraft:creeper":20,"minecraft:sheep":60,"minecraft:trader_llama":8,"minecraft:pillager":110,"minecraft:zombie":192,"creeperoverhaul:desert_creeper":2,"minecraft:cow":2,"minecraft:evoker":14,"minecraft:vex":4,"minecraft:vindicator":42,"endermanoverhaul:swamp_enderman":2,"minecraft:husk":28,"minecraft:ravager":8,"minecraft:enderman":4},"minecraft:custom":{"minecraft:animals_bred":42,"minecraft:interact_with_crafting_table":144,"minecraft:open_barrel":531,"minecraft:leave_game":17,"minecraft:time_since_death":764947,"minecraft:sprint_one_cm":2278588,"minecraft:damage_blocked_by_shield":5635,"minecraft:drop":329,"minecraft:talked_to_villager":22,"minecraft:play_time":1078188,"minecraft:deaths":2,"minecraft:jump":19039,"minecraft:walk_on_water_one_cm":89377,"minecraft:enchant_item":10,"minecraft:interact_with_furnace":76,"minecraft:traded_with_villager":11,"minecraft:sleep_in_bed":59,"minecraft:damage_dealt":54708,"minecraft:player_kills":1,"minecraft:crouch_one_cm":88055,"minecraft:interact_with_smoker":58,"minecraft:inspect_dispenser":1,"minecraft:horse_one_cm":5773,"minecraft:interact_with_smithing_table":3,"minecraft:inspect_dropper":1,"minecraft:interact_with_anvil":1,"minecraft:mob_kills":340,"minecraft:inspect_hopper":42,"minecraft:climb_one_cm":93343,"minecraft:walk_one_cm":2663495,"minecraft:sneak_time":36217,"minecraft:walk_under_water_one_cm":65148,"minecraft:boat_one_cm":279528,"minecraft:total_world_time":1078188,"minecraft:raid_trigger":2,"minecraft:pot_flower":3,"minecraft:interact_with_stonecutter":1,"minecraft:time_since_rest":13658,"minecraft:damage_taken":9876,"minecraft:trigger_trapped_chest":2,"minecraft:swim_one_cm":74785,"minecraft:fly_one_cm":3858020,"minecraft:open_chest":178,"minecraft:fall_one_cm":423278},"minecraft:mined":{"another_furniture:mangrove_chair":4,"minecraft:oak_sapling":1,"minecraft:cobblestone_stairs":42,"minecraft:spruce_trapdoor":4,"minecraft:grass_block":37,"minecraft:hopper":15,"minecraft:oxeye_daisy":1,"minecraft:smooth_stone":5,"minecraft:cobbled_deepslate":4,"immersive_weathering:mossy_stone":1,"minecraft:iron_ore":90,"minecraft:barrel":17,"minecraft:fire":7,"minecraft:pumpkin":23,"minecraft:moss_carpet":3,"minecraft:deepslate_lapis_ore":7,"minecraft:fletching_table":1,"minecraft:azure_bluet":5,"supplementaries:stick":2,"minecraft:oak_stairs":1,"betterarcheology:loot_vase":1,"minecraft:white_banner":7,"minecraft:blue_orchid":2,"minecraft:green_bed":1,"immersive_weathering:oak_leaf_pile":286,"minecraft:deepslate_redstone_ore":3,"minecraft:red_bed":4,"minecraft:smoker":7,"minecraft:torch":4,"immersive_weathering:grassy_silt":3,"minecraft:poppy":4,"minecraft:melon":24,"minecraft:chest":1,"minecraft:dead_bush":2,"handcrafted:mangrove_table":2,"minecraft:cobblestone":27,"minecraft:oak_planks":1,"minecraft:sugar_cane":86,"minecraft:wall_torch":6,"minecraft:wheat":501,"minecraft:grass":1043,"sleep_tight:infested_bed":1,"minecraft:oak_log":17,"minecraft:oak_fence_gate":1,"minecraft:sand":2,"minecraft:dirt":98,"minecraft:mangrove_log":14,"immersive_weathering:weeds":1,"minecraft:oak_leaves":9,"minecraft:deepslate":48,"minecraft:deepslate_diamond_ore":11,"minecraft:oak_door":4,"minecraft:mangrove_roots":393,"minecraft:mangrove_wall_sign":3,"minecraft:mangrove_trapdoor":8,"minecraft:mangrove_propagule":106,"minecraft:large_fern":2,"minecraft:hay_block":5,"minecraft:redstone_ore":4,"minecraft:furnace":8,"minecraft:carrots":9,"treechop:chopped_log":87,"minecraft:bookshelf":10,"minecraft:potatoes":38,"minecraft:deepslate_iron_ore":26,"minecraft:cobblestone_slab":11,"minecraft:vine":9,"immersive_weathering:silt":1,"immersive_weathering:ivy":10,"minecraft:stone":283,"minecraft:acacia_leaves":1,"minecraft:lily_of_the_valley":1,"minecraft:dandelion":9,"minecraft:oak_fence":35,"minecraft:crafting_table":16,"minecraft:rose_bush":23,"immersive_weathering:mangrove_leaf_pile":870,"minecraft:copper_ore":3,"minecraft:tall_grass":136,"minecraft:deepslate_gold_ore":28,"minecraft:lapis_ore":18,"variantcraftingtables:mangrove_crafting_table":2,"supplementaries:urn":13,"minecraft:trapped_chest":1,"betterarcheology:loot_vase_creeper":2,"minecraft:cobblestone_wall":6,"minecraft:gray_bed":6,"minecraft:mangrove_planks":73,"minecraft:mangrove_leaves":8,"minecraft:coal_ore":230,"minecraft:cyan_carpet":5,"minecraft:gravel":65,"minecraft:flower_pot":1,"minecraft:gray_carpet":1,"minecraft:gold_ore":1,"another_furniture:black_lamp":3,"minecraft:fern":4},"minecraft:used":{"minecraft:moss_carpet":52,"minecraft:light_gray_dye":1,"minecraft:iron_shovel":144,"minecraft:poppy":3,"minecraft:black_carpet":1,"minecraft:chest":3,"minecraft:shield":101,"minecraft:stone":8,"minecraft:iron_sword":670,"immersive_weathering:ivy":7,"handcrafted:stackable_book":4,"minecraft:lily_of_the_valley":1,"minecraft:carrot":10,"minecraft:axolotl_bucket":1,"minecraft:azure_bluet":3,"minecraft:milk_bucket":1,"minecraft:mangrove_log":7,"minecraft:grass_block":1,"minecraft:lantern":1,"minecraft:blue_orchid":1,"minecraft:item_frame":4,"minecraft:bow":124,"minecraft:mangrove_roots":52,"minecraft:furnace":10,"minecraft:oak_sapling":54,"minecraft:gray_bed":8,"minecraft:egg":26,"minecraft:skeleton_skull":1,"immersive_aircraft:biplane":1,"minecraft:potato":53,"minecraft:stone_pickaxe":262,"naturalist:cooked_egg":137,"minecraft:oak_planks":1,"minecraft:mangrove_planks":154,"minecraft:wooden_pickaxe":11,"minecraft:composter":1,"minecraft:sugar_cane":63,"minecraft:oak_leaves":128,"minecraft:glow_berries":13,"minecraft:sand":2,"minecraft:black_bed":1,"minecraft:shears":2,"minecraft:pumpkin_seeds":4,"minecraft:bread":106,"minecraft:melon_slice":4,"minecraft:cyan_carpet":7,"minecraft:deepslate":8,"minecraft:gravel":23,"handcrafted:mangrove_table":6,"another_furniture:mangrove_chair":7,"minecraft:cooked_rabbit":2,"minecraft:coarse_dirt":1,"minecraft:bone_meal":49,"minecraft:experience_bottle":3,"minecraft:oak_fence":80,"minecraft:enchanting_table":1,"minecraft:flint_and_steel":5,"minecraft:spruce_planks":18,"minecraft:cooked_salmon":17,"minecraft:stone_hoe":350,"another_furniture:black_lamp":3,"minecraft:stick":2,"minecraft:oak_door":7,"minecraft:torch":232,"minecraft:dirt":101,"minecraft:spyglass":29,"minecraft:hopper":18,"minecraft:cobblestone_wall":15,"minecraft:oak_fence_gate":3,"minecraft:bookshelf":19,"minecraft:oak_stairs":1,"minecraft:iron_axe":1475,"minecraft:totem_of_undying":1,"minecraft:barrel":26,"minecraft:bamboo":3,"immersive_weathering:weeds":21,"variantcraftingtables:mangrove_crafting_table":4,"minecraft:trapped_chest":1,"minecraft:cooked_beef":13,"minecraft:cobbled_deepslate":28,"minecraft:pumpkin":3,"minecraft:mangrove_boat":1,"minecraft:wheat_seeds":1356,"minecraft:cooked_mutton":2,"minecraft:water_bucket":26,"minecraft:cobblestone_stairs":47,"minecraft:birch_boat":1,"minecraft:white_dye":3,"minecraft:fletching_table":2,"minecraft:green_bed":3,"minecraft:cobblestone_slab":17,"minecraft:leather_boots":1,"minecraft:mossy_cobblestone":1,"minecraft:mangrove_trapdoor":12,"minecraft:crafting_table":19,"minecraft:red_bed":4,"minecraft:campfire":2,"immersive_weathering:silt":3,"minecraft:mangrove_sign":3,"minecraft:smoker":6,"minecraft:oak_log":4,"minecraft:flower_pot":2,"minecraft:apple":8,"minecraft:oxeye_daisy":2,"minecraft:mangrove_propagule":1,"minecraft:iron_pickaxe":617,"minecraft:spruce_trapdoor":14,"minecraft:stone_axe":193,"minecraft:cobblestone":118,"minecraft:white_banner":23,"minecraft:cooked_porkchop":24,"minecraft:bucket":28,"minecraft:pumpkin_pie":4,"minecraft:dandelion":8},"minecraft:broken":{"minecraft:iron_boots":1,"minecraft:stone_pickaxe":2,"minecraft:stone_axe":1,"minecraft:iron_sword":1,"minecraft:shield":2,"minecraft:iron_axe":5,"minecraft:iron_pickaxe":1,"minecraft:iron_helmet":1},"minecraft:crafted":{"minecraft:oak_planks":228,"minecraft:barrel":6,"minecraft:birch_boat":1,"minecraft:cooked_chicken":4,"minecraft:mangrove_boat":1,"minecraft:cobblestone_stairs":8,"another_furniture:mangrove_chair":3,"minecraft:bookshelf":13,"handcrafted:mangrove_table":4,"minecraft:hopper":3,"minecraft:bow":3,"minecraft:iron_boots":2,"minecraft:chest":8,"minecraft:stone_hoe":2,"minecraft:oak_fence":45,"variantcraftingtables:mangrove_crafting_table":2,"minecraft:gray_bed":3,"minecraft:smoker":1,"minecraft:oak_slab":18,"minecraft:item_frame":3,"minecraft:arrow":32,"minecraft:cooked_porkchop":24,"minecraft:crafting_table":2,"minecraft:wooden_pickaxe":1,"minecraft:iron_helmet":1,"minecraft:mangrove_trapdoor":4,"minecraft:fletching_table":1,"minecraft:mangrove_sign":3,"minecraft:birch_planks":24,"minecraft:pumpkin_seeds":4,"minecraft:campfire":2,"minecraft:iron_chestplate":1,"minecraft:charcoal":5,"minecraft:shield":4,"minecraft:stick":120,"minecraft:light_blue_dye":1,"minecraft:iron_ingot":64,"minecraft:iron_pickaxe":1,"minecraft:gold_ingot":2,"minecraft:black_bed":1,"minecraft:light_gray_dye":1,"minecraft:composter":1,"naturalist:cooked_egg":29,"minecraft:shears":3,"minecraft:oak_door":3,"minecraft:raw_iron":18,"minecraft:spyglass":2,"minecraft:furnace":4,"minecraft:bone_meal":33,"minecraft:flint_and_steel":1,"minecraft:iron_axe":5,"minecraft:stone_pickaxe":5,"minecraft:cobblestone_wall":6,"handcrafted:stackable_book":4,"minecraft:wheat":45,"minecraft:cooked_beef":3,"minecraft:sugar":1,"minecraft:enchanting_table":1,"minecraft:iron_sword":1,"minecraft:cooked_salmon":16,"minecraft:mangrove_planks":300,"minecraft:stone_axe":2,"minecraft:bread":103,"minecraft:air":0,"minecraft:oak_fence_gate":2,"minecraft:white_dye":3,"minecraft:black_carpet":3,"minecraft:iron_leggings":1,"minecraft:pumpkin_pie":5,"minecraft:torch":260,"minecraft:mangrove_slab":6},"minecraft:dropped":{"minecraft:iron_sword":1,"minecraft:oak_log":138,"minecraft:baked_potato":4,"minecraft:diamond":1,"minecraft:cookie":4,"minecraft:crossbow":1,"minecraft:lantern":2,"minecraft:leather":1,"minecraft:honeycomb":3,"minecraft:mangrove_planks":16,"minecraft:leather_helmet":1,"minecraft:cobblestone_stairs":3,"minecraft:dirt":39,"minecraft:cornflower":1,"minecraft:cut_sandstone":2,"minecraft:pumpkin_pie":1,"minecraft:bone_meal":4,"minecraft:white_wool":2,"minecraft:bone":9,"naturalist:cooked_egg":68,"minecraft:stone_axe":2,"immersive_weathering:sandy_dirt":10,"minecraft:compass":1,"minecraft:cooked_chicken":5,"minecraft:cobbled_deepslate":4,"minecraft:spyglass":1,"minecraft:iron_nugget":10,"minecraft:golden_chestplate":1,"minecraft:wheat":2,"minecraft:rotten_flesh":57,"minecraft:oak_planks":30,"minecraft:azure_bluet":4,"minecraft:leather_chestplate":1,"minecraft:mangrove_log":24,"minecraft:gunpowder":9,"artifacts:umbrella":1,"minecraft:leather_leggings":1,"minecraft:basalt":3,"minecraft:arrow":21,"minecraft:oak_leaves":140,"minecraft:egg":18,"minecraft:bread":1,"minecraft:iron_ingot":4,"minecraft:golden_boots":1,"minecraft:oak_slab":19,"minecraft:wheat_seeds":204,"minecraft:mossy_cobblestone":1,"minecraft:feather":1,"minecraft:cobblestone":4,"minecraft:copper_ingot":15,"minecraft:coal":78,"minecraft:stick":1,"minecraft:gray_wool":2,"minecraft:torch":53,"minecraft:wooden_axe":1,"minecraft:cooked_salmon":5,"minecraft:potion":1,"minecraft:iron_leggings":1,"minecraft:white_banner":2,"minecraft:iron_axe":2,"minecraft:paper":1,"minecraft:iron_shovel":1,"minecraft:string":2,"minecraft:dandelion":2,"minecraft:redstone":22,"minecraft:furnace":1,"minecraft:moss_carpet":6,"minecraft:tuff":1,"minecraft:raw_iron":57,"minecraft:iron_boots":2,"minecraft:totem_of_undying":2,"minecraft:shears":2,"minecraft:stone":3,"minecraft:shield":1,"minecraft:bundle":1,"minecraft:oak_sapling":19,"minecraft:spider_eye":1,"smallships:cannon_ball":2,"minecraft:stone_pickaxe":3,"minecraft:bow":5,"minecraft:raw_gold":10,"minecraft:black_wool":1},"minecraft:killed_by":{"creeperoverhaul:ocean_creeper":1,"minecraft:player":1}},"DataVersion":3465}