{"stats":{"minecraft:dropped":{"minecraft:cobblestone":3,"minecraft:rotten_flesh":2,"minecraft:shield":1,"minecraft:torch":5,"minecraft:arrow":5,"minecraft:bow":1,"minecraft:white_wool":1},"minecraft:mined":{"minecraft:acacia_leaves":1,"minecraft:red_bed":3,"minecraft:mangrove_roots":1,"minecraft:torch":1,"minecraft:crafting_table":3,"minecraft:grass_block":1,"immersive_weathering:grassy_silt":1,"minecraft:cobblestone":4,"minecraft:oak_planks":1,"minecraft:mangrove_propagule":3,"minecraft:furnace":1,"minecraft:gray_bed":1,"treechop:chopped_log":1,"minecraft:grass":2,"minecraft:bookshelf":10,"minecraft:coal_ore":98,"minecraft:deepslate_iron_ore":1,"minecraft:oak_stairs":1,"minecraft:gravel":42,"minecraft:sand":1,"minecraft:cyan_carpet":5,"minecraft:dirt":5,"minecraft:stone":29},"minecraft:used":{"minecraft:iron_shovel":41,"minecraft:stone_pickaxe":122,"minecraft:oak_planks":1,"minecraft:wooden_pickaxe":11,"minecraft:leather_boots":1,"minecraft:torch":2,"minecraft:dirt":5,"minecraft:sand":1,"minecraft:crafting_table":3,"minecraft:red_bed":2,"minecraft:oak_stairs":1,"minecraft:cyan_carpet":5,"minecraft:gravel":1,"minecraft:stone_axe":41,"minecraft:cobblestone":4,"minecraft:mangrove_roots":1,"minecraft:furnace":1,"minecraft:cooked_porkchop":5},"minecraft:custom":{"minecraft:interact_with_furnace":9,"minecraft:mob_kills":12,"minecraft:interact_with_crafting_table":14,"minecraft:open_barrel":4,"minecraft:time_since_death":53855,"minecraft:sleep_in_bed":4,"minecraft:climb_one_cm":2527,"minecraft:time_since_rest":8309,"minecraft:sprint_one_cm":66986,"minecraft:damage_taken":284,"minecraft:walk_one_cm":208314,"minecraft:drop":14,"minecraft:damage_dealt":1864,"minecraft:swim_one_cm":121,"minecraft:talked_to_villager":3,"minecraft:fly_one_cm":100028,"minecraft:open_chest":15,"minecraft:crouch_one_cm":5326,"minecraft:play_time":53855,"minecraft:sneak_time":2826,"minecraft:walk_under_water_one_cm":7795,"minecraft:jump":666,"minecraft:walk_on_water_one_cm":1524,"minecraft:total_world_time":53855,"minecraft:interact_with_smoker":6,"minecraft:fall_one_cm":9944},"minecraft:crafted":{"minecraft:oak_planks":20,"minecraft:arrow":8,"minecraft:cooked_porkchop":5,"minecraft:crafting_table":1,"minecraft:wooden_pickaxe":1,"minecraft:furnace":1,"minecraft:birch_planks":8,"minecraft:stone_axe":1,"minecraft:air":0,"minecraft:bow":2,"minecraft:shield":2,"minecraft:stick":16,"minecraft:iron_ingot":1,"minecraft:stone_pickaxe":1,"minecraft:torch":12},"minecraft:picked_up":{"minecraft:birch_log":7,"minecraft:crafting_table":3,"minecraft:feather":2,"minecraft:leather":1,"minecraft:oak_stairs":1,"minecraft:flint":16,"minecraft:oak_log":5,"minecraft:dirt":5,"minecraft:red_bed":3,"minecraft:leather_boots":1,"minecraft:bone":2,"minecraft:cyan_carpet":5,"minecraft:iron_ingot":1,"minecraft:beef":3,"minecraft:oak_planks":1,"immersive_weathering:tallow":12,"minecraft:furnace":1,"minecraft:egg":7,"minecraft:book":30,"minecraft:stick":1,"minecraft:raw_iron":1,"minecraft:torch":1,"minecraft:gravel":33,"minecraft:sand":1,"minecraft:porkchop":13,"minecraft:arrow":2,"minecraft:rotten_flesh":2,"minecraft:mangrove_roots":1,"minecraft:oak_sapling":2,"minecraft:mangrove_propagule":3,"minecraft:mutton":1,"minecraft:coal":98,"minecraft:white_wool":1,"minecraft:cobblestone":33,"minecraft:ender_pearl":1},"minecraft:killed":{"minecraft:pig":12,"endermanoverhaul:swamp_enderman":2,"minecraft:skeleton":2,"minecraft:sheep":2,"minecraft:zombie":4,"minecraft:cow":2}},"DataVersion":3465}