{"stats":{"minecraft:dropped":{"minecraft:cobblestone":3,"minecraft:white_wool":1},"minecraft:mined":{"minecraft:red_bed":1,"minecraft:mangrove_roots":1,"treechop:chopped_log":1,"minecraft:crafting_table":2,"immersive_weathering:grassy_silt":1,"minecraft:grass":1,"minecraft:grass_block":1,"minecraft:bookshelf":5,"minecraft:coal_ore":49,"minecraft:oak_stairs":1,"minecraft:cyan_carpet":5,"minecraft:dirt":5,"minecraft:cobblestone":4,"minecraft:stone":23,"minecraft:oak_planks":1,"minecraft:mangrove_propagule":3},"minecraft:used":{"minecraft:oak_stairs":1,"minecraft:stone_pickaxe":65,"minecraft:cyan_carpet":5,"minecraft:oak_planks":1,"minecraft:wooden_pickaxe":11,"minecraft:leather_boots":1,"minecraft:stone_axe":20,"minecraft:dirt":5,"minecraft:cobblestone":4,"minecraft:mangrove_roots":1,"minecraft:crafting_table":2,"minecraft:red_bed":1,"minecraft:cooked_porkchop":3},"minecraft:custom":{"minecraft:time_since_rest":913,"minecraft:sprint_one_cm":40627,"minecraft:damage_taken":204,"minecraft:walk_one_cm":119704,"minecraft:mob_kills":4,"minecraft:drop":4,"minecraft:damage_dealt":664,"minecraft:talked_to_villager":1,"minecraft:interact_with_crafting_table":8,"minecraft:fly_one_cm":51923,"minecraft:open_chest":12,"minecraft:crouch_one_cm":940,"minecraft:play_time":29855,"minecraft:sneak_time":559,"minecraft:jump":345,"minecraft:time_since_death":29855,"minecraft:climb_one_cm":2321,"minecraft:sleep_in_bed":3,"minecraft:interact_with_smoker":6,"minecraft:total_world_time":29855,"minecraft:fall_one_cm":6000},"minecraft:crafted":{"minecraft:oak_planks":20,"minecraft:cooked_porkchop":5,"minecraft:crafting_table":1,"minecraft:stick":8,"minecraft:wooden_pickaxe":1,"minecraft:stone_pickaxe":1,"minecraft:torch":4,"minecraft:stone_axe":1,"minecraft:air":0},"minecraft:picked_up":{"minecraft:book":15,"minecraft:stick":1,"minecraft:crafting_table":2,"minecraft:oak_stairs":1,"minecraft:porkchop":5,"minecraft:oak_log":5,"minecraft:red_bed":1,"minecraft:dirt":5,"minecraft:leather_boots":1,"minecraft:cyan_carpet":5,"minecraft:rotten_flesh":1,"minecraft:mangrove_roots":1,"minecraft:oak_sapling":2,"minecraft:oak_planks":1,"minecraft:mutton":1,"minecraft:coal":49,"minecraft:mangrove_propagule":3,"immersive_weathering:tallow":2,"minecraft:white_wool":1,"minecraft:cobblestone":27,"minecraft:egg":2},"minecraft:killed":{"minecraft:sheep":2,"minecraft:zombie":2,"minecraft:pig":4}},"DataVersion":3465}