{"stats":{"minecraft:dropped":{"minecraft:cobblestone":3,"minecraft:rotten_flesh":2,"minecraft:leather":1,"minecraft:cobblestone_stairs":2,"minecraft:shield":1,"minecraft:torch":5,"minecraft:stone_pickaxe":1,"minecraft:bow":1,"minecraft:arrow":17,"minecraft:white_wool":1},"minecraft:killed_by":{"creeperoverhaul:ocean_creeper":1},"minecraft:crafted":{"minecraft:cooked_beef":3,"minecraft:oak_door":3,"minecraft:oak_planks":60,"minecraft:arrow":32,"minecraft:cooked_porkchop":13,"minecraft:crafting_table":1,"minecraft:birch_boat":1,"minecraft:wooden_pickaxe":1,"minecraft:furnace":2,"minecraft:cooked_salmon":4,"minecraft:cobblestone_stairs":4,"minecraft:fletching_table":1,"minecraft:birch_planks":24,"minecraft:stone_axe":1,"minecraft:air":0,"minecraft:bow":2,"minecraft:shield":2,"minecraft:stick":36,"minecraft:iron_ingot":4,"minecraft:iron_pickaxe":1,"minecraft:stone_pickaxe":3,"minecraft:chest":2,"minecraft:torch":28},"minecraft:used":{"minecraft:cobblestone_stairs":6,"minecraft:iron_shovel":45,"minecraft:stone_pickaxe":156,"minecraft:oak_planks":1,"minecraft:chest":2,"minecraft:birch_boat":1,"minecraft:wooden_pickaxe":11,"minecraft:fletching_table":2,"minecraft:leather_boots":1,"minecraft:oak_door":6,"minecraft:torch":4,"minecraft:dirt":7,"minecraft:sand":1,"minecraft:crafting_table":14,"minecraft:red_bed":3,"minecraft:iron_pickaxe":33,"minecraft:oak_stairs":1,"minecraft:cyan_carpet":5,"minecraft:gravel":1,"minecraft:stone_axe":76,"minecraft:cobblestone":16,"minecraft:mangrove_roots":1,"minecraft:furnace":8,"minecraft:cooked_porkchop":8,"minecraft:cooked_beef":1},"minecraft:killed":{"minecraft:pig":12,"endermanoverhaul:swamp_enderman":2,"minecraft:sheep":2,"minecraft:skeleton":2,"minecraft:zombie":6,"minecraft:chicken":8,"minecraft:cow":2},"minecraft:mined":{"minecraft:acacia_leaves":1,"minecraft:red_bed":4,"minecraft:oak_door":4,"minecraft:cobblestone_stairs":4,"minecraft:mangrove_roots":1,"minecraft:crafting_table":12,"minecraft:torch":1,"minecraft:grass_block":6,"immersive_weathering:grassy_silt":1,"minecraft:cobblestone":6,"minecraft:sugar_cane":21,"minecraft:oak_planks":1,"minecraft:mangrove_propagule":6,"minecraft:wall_torch":1,"minecraft:furnace":7,"minecraft:iron_ore":3,"minecraft:gray_bed":1,"treechop:chopped_log":1,"minecraft:fletching_table":1,"minecraft:grass":3,"minecraft:bookshelf":10,"minecraft:coal_ore":99,"minecraft:deepslate_iron_ore":1,"minecraft:oak_stairs":1,"minecraft:gravel":42,"minecraft:cyan_carpet":5,"minecraft:sand":1,"minecraft:dirt":6,"minecraft:stone":80},"minecraft:picked_up":{"minecraft:birch_log":7,"minecraft:crafting_table":13,"minecraft:feather":8,"minecraft:chicken":7,"minecraft:prismarine_shard":1,"minecraft:salmon":4,"minecraft:leather":3,"minecraft:oak_stairs":1,"minecraft:birch_planks":3,"minecraft:flint":21,"minecraft:oak_log":16,"minecraft:shield":1,"minecraft:cobblestone_stairs":4,"minecraft:dirt":7,"minecraft:red_bed":5,"minecraft:iron_shovel":1,"minecraft:leather_boots":2,"minecraft:bone":4,"minecraft:cyan_carpet":5,"minecraft:apple":5,"minecraft:bow":1,"minecraft:wheat_seeds":2,"minecraft:stone_pickaxe":1,"minecraft:beef":3,"minecraft:iron_ingot":1,"minecraft:fletching_table":1,"minecraft:mangrove_planks":2,"minecraft:sugar_cane":104,"minecraft:oak_planks":1,"immersive_weathering:tallow":17,"minecraft:egg":16,"minecraft:furnace":7,"minecraft:book":78,"minecraft:stick":3,"minecraft:raw_iron":6,"minecraft:cooked_porkchop":7,"minecraft:oak_door":6,"minecraft:torch":9,"minecraft:axolotl_bucket":1,"minecraft:gravel":65,"minecraft:porkchop":13,"minecraft:sand":1,"minecraft:slime_ball":5,"minecraft:bundle":1,"minecraft:stone_axe":1,"minecraft:arrow":15,"minecraft:rotten_flesh":2,"minecraft:writable_book":1,"minecraft:mangrove_roots":1,"minecraft:oak_sapling":4,"minecraft:mangrove_propagule":12,"minecraft:mutton":1,"minecraft:coal":190,"minecraft:white_wool":1,"minecraft:cobblestone":137,"minecraft:ender_pearl":2},"minecraft:custom":{"minecraft:interact_with_furnace":21,"minecraft:mob_kills":17,"minecraft:interact_with_crafting_table":36,"minecraft:open_barrel":6,"minecraft:leave_game":1,"minecraft:time_since_death":26232,"minecraft:sleep_in_bed":6,"minecraft:climb_one_cm":2693,"minecraft:time_since_rest":25331,"minecraft:sprint_one_cm":117592,"minecraft:damage_taken":672,"minecraft:walk_one_cm":362187,"minecraft:drop":19,"minecraft:damage_dealt":2224,"minecraft:talked_to_villager":5,"minecraft:swim_one_cm":31302,"minecraft:fly_one_cm":211868,"minecraft:open_chest":22,"minecraft:crouch_one_cm":9878,"minecraft:play_time":99286,"minecraft:deaths":1,"minecraft:boat_one_cm":11556,"minecraft:sneak_time":4782,"minecraft:walk_under_water_one_cm":23085,"minecraft:jump":1256,"minecraft:walk_on_water_one_cm":12716,"minecraft:total_world_time":99286,"minecraft:interact_with_smoker":10,"minecraft:fall_one_cm":23714,"minecraft:horse_one_cm":268},"minecraft:broken":{"minecraft:stone_pickaxe":1}},"DataVersion":3465}