{"stats":{"minecraft:killed_by":{"creeperoverhaul:ocean_creeper":1},"minecraft:dropped":{"minecraft:cobblestone":3,"minecraft:leather":1,"minecraft:cobblestone_stairs":2,"minecraft:torch":5,"minecraft:white_wool":1,"minecraft:rotten_flesh":2,"minecraft:shield":1,"minecraft:arrow":17,"minecraft:bow":1,"minecraft:stone_pickaxe":3},"minecraft:crafted":{"minecraft:oak_door":3,"minecraft:oak_planks":60,"minecraft:birch_boat":1,"minecraft:cooked_chicken":4,"minecraft:furnace":2,"minecraft:cobblestone_stairs":8,"minecraft:bow":2,"minecraft:stone_pickaxe":5,"minecraft:cobblestone_wall":6,"minecraft:chest":2,"minecraft:cooked_beef":3,"minecraft:arrow":32,"minecraft:cooked_porkchop":13,"minecraft:crafting_table":1,"minecraft:wooden_pickaxe":1,"minecraft:cooked_salmon":5,"minecraft:fletching_table":1,"minecraft:birch_planks":24,"minecraft:stone_axe":1,"minecraft:air":0,"minecraft:shield":2,"minecraft:stick":36,"minecraft:iron_ingot":4,"minecraft:iron_pickaxe":1,"minecraft:torch":28},"minecraft:used":{"minecraft:iron_shovel":74,"minecraft:chest":2,"minecraft:cooked_salmon":4,"minecraft:oak_door":7,"minecraft:torch":4,"minecraft:dirt":7,"minecraft:cobblestone_wall":15,"minecraft:oak_stairs":1,"minecraft:mangrove_roots":1,"minecraft:furnace":8,"minecraft:cooked_beef":1,"minecraft:cobblestone_stairs":41,"minecraft:stone_pickaxe":262,"minecraft:oak_planks":1,"minecraft:wooden_pickaxe":11,"minecraft:birch_boat":1,"minecraft:fletching_table":2,"minecraft:cobblestone_slab":17,"minecraft:leather_boots":1,"minecraft:sand":1,"minecraft:crafting_table":15,"minecraft:red_bed":4,"minecraft:iron_pickaxe":64,"minecraft:cyan_carpet":5,"minecraft:gravel":1,"minecraft:stone_axe":77,"minecraft:cobblestone":57,"minecraft:cooked_porkchop":8},"minecraft:killed":{"endermanoverhaul:swamp_enderman":2,"minecraft:skeleton":2,"minecraft:chicken":8,"minecraft:pig":12,"minecraft:sheep":2,"minecraft:zombie":6,"minecraft:cow":2},"minecraft:mined":{"minecraft:oak_door":4,"minecraft:cobblestone_stairs":38,"minecraft:mangrove_roots":1,"minecraft:grass_block":6,"minecraft:mangrove_propagule":6,"minecraft:furnace":7,"minecraft:iron_ore":5,"treechop:chopped_log":1,"minecraft:fletching_table":1,"minecraft:bookshelf":10,"minecraft:deepslate_iron_ore":1,"minecraft:cobblestone_slab":11,"minecraft:oak_stairs":1,"minecraft:stone":154,"minecraft:acacia_leaves":1,"minecraft:red_bed":4,"minecraft:torch":1,"minecraft:crafting_table":13,"immersive_weathering:grassy_silt":1,"minecraft:cobblestone":12,"minecraft:lapis_ore":4,"minecraft:oak_planks":1,"minecraft:sugar_cane":21,"minecraft:wall_torch":1,"minecraft:cobblestone_wall":6,"minecraft:gray_bed":1,"minecraft:grass":3,"minecraft:coal_ore":99,"minecraft:sand":1,"minecraft:cyan_carpet":5,"minecraft:gravel":42,"minecraft:dirt":35},"minecraft:picked_up":{"minecraft:crafting_table":14,"minecraft:chicken":7,"minecraft:prismarine_shard":1,"minecraft:oak_stairs":1,"minecraft:shield":1,"minecraft:red_bed":5,"minecraft:iron_shovel":1,"minecraft:cyan_carpet":5,"minecraft:beef":3,"minecraft:cobblestone_slab":17,"minecraft:sugar_cane":104,"minecraft:furnace":7,"minecraft:egg":16,"minecraft:raw_iron":8,"minecraft:stick":3,"minecraft:oak_door":6,"minecraft:torch":9,"minecraft:porkchop":13,"minecraft:arrow":15,"minecraft:rotten_flesh":2,"minecraft:mangrove_roots":1,"minecraft:mutton":1,"minecraft:white_wool":1,"minecraft:cobblestone":224,"minecraft:birch_log":7,"minecraft:feather":8,"minecraft:salmon":4,"minecraft:leather":3,"minecraft:birch_planks":3,"minecraft:flint":21,"minecraft:oak_log":16,"minecraft:cobblestone_wall":9,"minecraft:cobblestone_stairs":37,"minecraft:lapis_lazuli":25,"minecraft:dirt":34,"minecraft:leather_boots":2,"minecraft:bone":4,"minecraft:apple":5,"minecraft:bow":1,"minecraft:wheat_seeds":2,"minecraft:iron_ingot":1,"minecraft:stone_pickaxe":1,"minecraft:fletching_table":1,"minecraft:mangrove_planks":2,"minecraft:oak_planks":1,"immersive_weathering:tallow":17,"minecraft:book":78,"minecraft:cooked_porkchop":7,"minecraft:axolotl_bucket":1,"minecraft:gravel":65,"minecraft:sand":1,"minecraft:bundle":2,"minecraft:slime_ball":5,"minecraft:stone_axe":1,"minecraft:writable_book":1,"minecraft:oak_sapling":4,"minecraft:coal":190,"minecraft:mangrove_propagule":12,"minecraft:ender_pearl":2},"minecraft:broken":{"minecraft:stone_pickaxe":2},"minecraft:custom":{"minecraft:mob_kills":17,"minecraft:interact_with_crafting_table":44,"minecraft:open_barrel":6,"minecraft:leave_game":1,"minecraft:time_since_death":50232,"minecraft:climb_one_cm":2693,"minecraft:sprint_one_cm":128050,"minecraft:walk_one_cm":485083,"minecraft:drop":21,"minecraft:talked_to_villager":5,"minecraft:play_time":123286,"minecraft:sneak_time":7551,"minecraft:deaths":1,"minecraft:walk_under_water_one_cm":23085,"minecraft:boat_one_cm":11556,"minecraft:jump":1292,"minecraft:walk_on_water_one_cm":12716,"minecraft:total_world_time":123286,"minecraft:interact_with_furnace":24,"minecraft:sleep_in_bed":7,"minecraft:time_since_rest":3880,"minecraft:damage_taken":678,"minecraft:damage_dealt":2224,"minecraft:swim_one_cm":31302,"minecraft:fly_one_cm":212616,"minecraft:open_chest":30,"minecraft:crouch_one_cm":16647,"minecraft:interact_with_smoker":10,"minecraft:fall_one_cm":23714,"minecraft:horse_one_cm":268}},"DataVersion":3465}