{"stats":{"minecraft:used":{"minecraft:iron_shovel":144,"minecraft:poppy":3,"minecraft:black_carpet":1,"minecraft:chest":2,"minecraft:shield":43,"minecraft:stone":1,"minecraft:iron_sword":76,"immersive_weathering:ivy":3,"minecraft:carrot":9,"minecraft:axolotl_bucket":1,"minecraft:azure_bluet":1,"minecraft:mangrove_log":6,"minecraft:grass_block":1,"minecraft:lantern":1,"minecraft:blue_orchid":1,"minecraft:bow":7,"minecraft:mangrove_roots":51,"minecraft:furnace":9,"minecraft:oak_sapling":52,"minecraft:gray_bed":1,"minecraft:egg":23,"immersive_aircraft:biplane":1,"minecraft:mangrove_planks":13,"minecraft:stone_pickaxe":262,"minecraft:oak_planks":1,"minecraft:wooden_pickaxe":11,"minecraft:composter":1,"minecraft:sugar_cane":63,"minecraft:glow_berries":13,"minecraft:sand":2,"minecraft:black_bed":1,"minecraft:shears":2,"minecraft:pumpkin_seeds":4,"minecraft:bread":72,"minecraft:melon_slice":4,"minecraft:cyan_carpet":5,"minecraft:gravel":1,"minecraft:cooked_rabbit":2,"minecraft:coarse_dirt":1,"minecraft:bone_meal":44,"minecraft:experience_bottle":3,"minecraft:oak_fence":80,"minecraft:spruce_planks":18,"minecraft:cooked_salmon":17,"minecraft:stone_hoe":95,"minecraft:oak_door":7,"minecraft:torch":165,"minecraft:dirt":95,"minecraft:spyglass":29,"minecraft:cobblestone_wall":15,"minecraft:oak_fence_gate":3,"minecraft:iron_axe":747,"minecraft:oak_stairs":1,"minecraft:barrel":9,"minecraft:bamboo":3,"variantcraftingtables:mangrove_crafting_table":3,"minecraft:trapped_chest":1,"minecraft:cooked_beef":4,"minecraft:mangrove_boat":1,"minecraft:wheat_seeds":764,"minecraft:cooked_mutton":2,"minecraft:water_bucket":14,"minecraft:cobblestone_stairs":47,"minecraft:birch_boat":1,"minecraft:fletching_table":2,"minecraft:green_bed":3,"minecraft:cobblestone_slab":17,"minecraft:leather_boots":1,"minecraft:mossy_cobblestone":1,"minecraft:mangrove_trapdoor":3,"minecraft:crafting_table":19,"minecraft:red_bed":4,"minecraft:campfire":2,"immersive_weathering:silt":3,"minecraft:flower_pot":2,"minecraft:apple":8,"minecraft:oxeye_daisy":2,"minecraft:mangrove_propagule":1,"minecraft:iron_pickaxe":458,"minecraft:spruce_trapdoor":14,"minecraft:stone_axe":179,"minecraft:cobblestone":118,"minecraft:cooked_porkchop":23,"minecraft:bucket":16,"minecraft:pumpkin_pie":4,"minecraft:dandelion":6},"minecraft:mined":{"minecraft:oak_sapling":1,"minecraft:cobblestone_stairs":42,"minecraft:spruce_trapdoor":4,"minecraft:grass_block":33,"minecraft:oxeye_daisy":1,"minecraft:iron_ore":90,"immersive_weathering:mossy_stone":1,"minecraft:barrel":3,"minecraft:pumpkin":13,"minecraft:moss_carpet":1,"minecraft:fletching_table":1,"minecraft:deepslate_lapis_ore":2,"minecraft:oak_stairs":1,"betterarcheology:loot_vase":1,"minecraft:blue_orchid":2,"minecraft:green_bed":1,"immersive_weathering:oak_leaf_pile":159,"minecraft:deepslate_redstone_ore":3,"minecraft:red_bed":4,"minecraft:torch":2,"immersive_weathering:grassy_silt":3,"minecraft:poppy":4,"minecraft:melon":24,"minecraft:dead_bush":1,"minecraft:cobblestone":27,"minecraft:sugar_cane":86,"minecraft:oak_planks":1,"minecraft:wall_torch":2,"minecraft:wheat":281,"minecraft:grass":877,"sleep_tight:infested_bed":1,"minecraft:oak_log":4,"minecraft:oak_fence_gate":1,"minecraft:sand":2,"minecraft:dirt":96,"minecraft:mangrove_log":8,"minecraft:oak_leaves":1,"minecraft:deepslate":5,"minecraft:oak_door":4,"minecraft:mangrove_roots":73,"minecraft:mangrove_trapdoor":1,"minecraft:mangrove_propagule":101,"minecraft:large_fern":1,"minecraft:hay_block":5,"minecraft:redstone_ore":4,"minecraft:furnace":8,"minecraft:carrots":9,"treechop:chopped_log":53,"minecraft:bookshelf":10,"minecraft:deepslate_iron_ore":5,"minecraft:cobblestone_slab":11,"minecraft:vine":4,"immersive_weathering:silt":1,"minecraft:stone":274,"minecraft:acacia_leaves":1,"minecraft:dandelion":6,"minecraft:oak_fence":35,"minecraft:crafting_table":16,"minecraft:rose_bush":23,"immersive_weathering:mangrove_leaf_pile":810,"minecraft:copper_ore":3,"minecraft:tall_grass":126,"minecraft:lapis_ore":18,"variantcraftingtables:mangrove_crafting_table":2,"supplementaries:urn":7,"minecraft:trapped_chest":1,"betterarcheology:loot_vase_creeper":2,"minecraft:cobblestone_wall":6,"minecraft:gray_bed":1,"minecraft:mangrove_planks":2,"minecraft:mangrove_leaves":8,"minecraft:coal_ore":225,"minecraft:flower_pot":1,"minecraft:gravel":42,"minecraft:cyan_carpet":5,"minecraft:gray_carpet":1,"minecraft:gold_ore":1,"minecraft:fern":1},"minecraft:crafted":{"minecraft:oak_planks":228,"minecraft:barrel":4,"minecraft:birch_boat":1,"minecraft:cooked_chicken":4,"minecraft:mangrove_boat":1,"minecraft:cobblestone_stairs":8,"minecraft:bow":3,"minecraft:iron_boots":1,"minecraft:chest":4,"minecraft:stone_hoe":2,"minecraft:oak_fence":45,"variantcraftingtables:mangrove_crafting_table":2,"minecraft:gray_bed":1,"minecraft:oak_slab":18,"minecraft:arrow":32,"minecraft:cooked_porkchop":24,"minecraft:crafting_table":2,"minecraft:wooden_pickaxe":1,"minecraft:iron_helmet":1,"minecraft:mangrove_trapdoor":2,"minecraft:fletching_table":1,"minecraft:birch_planks":24,"minecraft:pumpkin_seeds":4,"minecraft:campfire":2,"minecraft:iron_chestplate":1,"minecraft:shield":2,"minecraft:stick":108,"minecraft:light_blue_dye":1,"minecraft:iron_ingot":51,"minecraft:iron_pickaxe":1,"minecraft:black_bed":1,"minecraft:composter":1,"minecraft:shears":3,"minecraft:oak_door":3,"minecraft:raw_iron":18,"minecraft:spyglass":2,"minecraft:furnace":2,"minecraft:bone_meal":33,"minecraft:iron_axe":3,"minecraft:stone_pickaxe":5,"minecraft:cobblestone_wall":6,"minecraft:wheat":45,"minecraft:cooked_beef":3,"minecraft:sugar":1,"minecraft:cooked_salmon":16,"minecraft:mangrove_planks":36,"minecraft:stone_axe":2,"minecraft:bread":63,"minecraft:air":0,"minecraft:oak_fence_gate":2,"minecraft:black_carpet":3,"minecraft:iron_leggings":1,"minecraft:pumpkin_pie":5,"minecraft:torch":208},"minecraft:killed":{"minecraft:spider":10,"minecraft:skeleton":24,"minecraft:chicken":8,"creeperoverhaul:cave_creeper":6,"artifacts:mimic":2,"sleep_tight:bedbug":2,"minecraft:pig":18,"minecraft:creeper":4,"minecraft:sheep":58,"minecraft:trader_llama":4,"minecraft:zombie":24,"creeperoverhaul:desert_creeper":2,"minecraft:cow":2,"endermanoverhaul:swamp_enderman":2,"minecraft:husk":28,"minecraft:enderman":4},"minecraft:custom":{"minecraft:animals_bred":40,"minecraft:interact_with_crafting_table":95,"minecraft:open_barrel":210,"minecraft:leave_game":13,"minecraft:time_since_death":337448,"minecraft:sprint_one_cm":1375487,"minecraft:damage_blocked_by_shield":2335,"minecraft:drop":166,"minecraft:talked_to_villager":18,"minecraft:play_time":650689,"minecraft:deaths":2,"minecraft:jump":10476,"minecraft:walk_on_water_one_cm":49056,"minecraft:interact_with_furnace":55,"minecraft:traded_with_villager":11,"minecraft:sleep_in_bed":36,"minecraft:damage_dealt":14949,"minecraft:crouch_one_cm":53114,"minecraft:interact_with_smoker":10,"minecraft:horse_one_cm":5773,"minecraft:interact_with_smithing_table":1,"minecraft:mob_kills":99,"minecraft:climb_one_cm":52949,"minecraft:walk_one_cm":1875774,"minecraft:sneak_time":22194,"minecraft:walk_under_water_one_cm":37854,"minecraft:boat_one_cm":26126,"minecraft:total_world_time":650689,"minecraft:pot_flower":3,"minecraft:interact_with_stonecutter":1,"minecraft:time_since_rest":6388,"minecraft:damage_taken":3108,"minecraft:trigger_trapped_chest":1,"minecraft:swim_one_cm":38005,"minecraft:fly_one_cm":2033720,"minecraft:open_chest":117,"minecraft:fall_one_cm":230195},"minecraft:dropped":{"minecraft:oak_log":103,"minecraft:baked_potato":4,"minecraft:diamond":1,"minecraft:cookie":4,"minecraft:lantern":2,"minecraft:leather":1,"minecraft:honeycomb":3,"minecraft:cobblestone_stairs":3,"minecraft:dirt":1,"minecraft:cut_sandstone":2,"minecraft:pumpkin_pie":1,"minecraft:bone_meal":4,"minecraft:white_wool":1,"minecraft:bone":9,"minecraft:compass":1,"minecraft:spyglass":1,"minecraft:cooked_chicken":5,"minecraft:wheat":2,"minecraft:rotten_flesh":5,"minecraft:oak_planks":30,"minecraft:gunpowder":9,"artifacts:umbrella":1,"minecraft:arrow":21,"minecraft:oak_leaves":140,"minecraft:bread":1,"minecraft:iron_ingot":4,"minecraft:golden_boots":1,"minecraft:oak_slab":19,"minecraft:wheat_seeds":13,"minecraft:cobblestone":3,"minecraft:copper_ingot":15,"minecraft:coal":72,"minecraft:torch":30,"minecraft:cooked_salmon":5,"minecraft:iron_leggings":1,"minecraft:white_banner":2,"minecraft:iron_axe":1,"minecraft:redstone":22,"minecraft:furnace":1,"minecraft:moss_carpet":5,"minecraft:raw_iron":47,"minecraft:iron_boots":1,"minecraft:shears":2,"minecraft:stone":3,"minecraft:shield":1,"minecraft:bundle":1,"minecraft:bow":4,"minecraft:stone_pickaxe":3},"minecraft:broken":{"minecraft:stone_pickaxe":2,"minecraft:stone_axe":1,"minecraft:iron_axe":2,"minecraft:iron_pickaxe":1},"minecraft:killed_by":{"creeperoverhaul:ocean_creeper":1,"minecraft:player":1},"minecraft:picked_up":{"minecraft:iron_chestplate":1,"minecraft:wheat":369,"minecraft:flower_pot":2,"minecraft:prismarine_shard":1,"artifacts:umbrella":1,"minecraft:lead":2,"minecraft:oak_stairs":1,"minecraft:string":6,"minecraft:raw_copper":22,"minecraft:cooked_salmon":6,"minecraft:iron_leggings":2,"minecraft:experience_bottle":3,"minecraft:cobbled_deepslate":5,"minecraft:bucket":1,"minecraft:spruce_planks":18,"minecraft:rose_bush":23,"minecraft:cobblestone_slab":17,"minecraft:iron_pickaxe":1,"minecraft:hopper_minecart":1,"minecraft:melon_slice":182,"minecraft:mangrove_log":464,"minecraft:iron_boots":3,"minecraft:furnace":9,"minecraft:stick":527,"minecraft:oak_fence":35,"minecraft:torch":24,"minecraft:green_bed":3,"minecraft:porkchop":35,"minecraft:cactus":13,"minecraft:rotten_flesh":18,"minecraft:mangrove_roots":73,"supplementaries:ash":10,"minecraft:cobblestone":377,"minecraft:birch_log":7,"minecraft:feather":9,"minecraft:water_bucket":1,"immersive_weathering:silt":3,"minecraft:flint":21,"minecraft:lapis_lazuli":141,"overweight_farming:overweight_carrot_block":3,"minecraft:dirt":125,"minecraft:lantern":3,"minecraft:leather_boots":2,"minecraft:bone":25,"minecraft:bow":6,"minecraft:wheat_seeds":907,"minecraft:raw_gold":3,"minecraft:fletching_table":2,"minecraft:bamboo":1,"minecraft:honeycomb":9,"minecraft:oak_planks":8,"immersive_weathering:tallow":29,"minecraft:cooked_porkchop":7,"overweight_farming:overweight_potato_block":5,"minecraft:axolotl_bucket":1,"betterarcheology:artifact_shards":1,"minecraft:sand":18,"minecraft:grass_block":1,"minecraft:trapped_chest":2,"minecraft:barrel":6,"minecraft:mossy_cobblestone":2,"minecraft:bundle":4,"minecraft:diamond":5,"minecraft:writable_book":1,"overweight_farming:overweight_beetroot_block":6,"minecraft:bone_meal":20,"minecraft:bread":152,"minecraft:emerald":7,"minecraft:oak_sapling":88,"minecraft:oak_leaves":124,"minecraft:coarse_dirt":1,"minecraft:crafting_table":17,"minecraft:azure_bluet":1,"minecraft:chicken":8,"minecraft:golden_pickaxe":1,"minecraft:cooked_rabbit":2,"minecraft:shield":2,"minecraft:red_bed":5,"minecraft:moss_carpet":5,"minecraft:iron_axe":1,"immersive_aircraft:biplane":1,"minecraft:compass":1,"minecraft:iron_shovel":1,"minecraft:cyan_carpet":5,"minecraft:blue_orchid":2,"minecraft:beef":3,"minecraft:iron_nugget":14,"minecraft:poppy":5,"minecraft:light_gray_wool":7,"minecraft:minecart":4,"minecraft:sugar_cane":175,"minecraft:spruce_trapdoor":14,"minecraft:egg":133,"minecraft:raw_iron":96,"minecraft:stone":4,"minecraft:oak_door":6,"minecraft:copper_ingot":15,"wildlife:raw_anglerfish":1,"minecraft:carrot":31,"minecraft:redstone":34,"minecraft:mangrove_trapdoor":1,"minecraft:arrow":63,"minecraft:beetroot_seeds":2,"minecraft:pumpkin_pie":4,"minecraft:hay_block":5,"artifacts:cross_necklace":1,"minecraft:totem_of_undying":1,"minecraft:mutton":40,"minecraft:rail":16,"minecraft:white_wool":1,"minecraft:oxeye_daisy":2,"minecraft:salmon":4,"minecraft:cut_sandstone":4,"minecraft:leather":10,"minecraft:birch_planks":3,"minecraft:oak_log":186,"immersive_weathering:ivy":3,"minecraft:golden_boots":1,"minecraft:gunpowder":10,"minecraft:cobblestone_wall":9,"minecraft:cobblestone_stairs":41,"minecraft:white_banner":3,"minecraft:apple":18,"minecraft:iron_ingot":1,"minecraft:oak_fence_gate":1,"minecraft:stone_pickaxe":1,"minecraft:mangrove_planks":4,"minecraft:iron_sword":1,"minecraft:green_dye":1,"minecraft:book":86,"minecraft:oak_slab":16,"minecraft:pumpkin":13,"minecraft:dandelion":6,"minecraft:spyglass":1,"betterarcheology:bomb":2,"variantcraftingtables:mangrove_crafting_table":2,"minecraft:gravel":65,"minecraft:spider_eye":1,"minecraft:firework_rocket":8,"minecraft:pumpkin_seeds":3,"minecraft:slime_ball":5,"minecraft:stone_axe":1,"minecraft:iron_helmet":1,"minecraft:gray_wool":18,"minecraft:melon_seeds":2,"minecraft:black_wool":15,"minecraft:mangrove_propagule":121,"minecraft:coal":341,"minecraft:ender_pearl":3}},"DataVersion":3465}