{"stats":{"minecraft:killed":{"minecraft:witch":8,"minecraft:spider":24,"minecraft:skeleton":30,"minecraft:chicken":8,"creeperoverhaul:cave_creeper":6,"artifacts:mimic":2,"sleep_tight:bedbug":4,"minecraft:pig":18,"minecraft:creeper":10,"minecraft:sheep":58,"minecraft:trader_llama":8,"minecraft:pillager":52,"minecraft:zombie":42,"creeperoverhaul:desert_creeper":2,"minecraft:cow":2,"minecraft:evoker":4,"minecraft:vex":2,"minecraft:vindicator":20,"endermanoverhaul:swamp_enderman":2,"minecraft:husk":28,"minecraft:ravager":2,"minecraft:enderman":4},"minecraft:crafted":{"minecraft:oak_planks":228,"minecraft:barrel":6,"minecraft:birch_boat":1,"minecraft:cooked_chicken":4,"minecraft:mangrove_boat":1,"minecraft:cobblestone_stairs":8,"another_furniture:mangrove_chair":3,"minecraft:bookshelf":13,"handcrafted:mangrove_table":4,"minecraft:hopper":3,"minecraft:bow":3,"minecraft:iron_boots":1,"minecraft:chest":8,"minecraft:stone_hoe":2,"minecraft:oak_fence":45,"variantcraftingtables:mangrove_crafting_table":2,"minecraft:gray_bed":3,"minecraft:smoker":1,"minecraft:oak_slab":18,"minecraft:item_frame":3,"minecraft:arrow":32,"minecraft:cooked_porkchop":24,"minecraft:crafting_table":2,"minecraft:wooden_pickaxe":1,"minecraft:iron_helmet":1,"minecraft:mangrove_trapdoor":4,"minecraft:fletching_table":1,"minecraft:mangrove_sign":3,"minecraft:birch_planks":24,"minecraft:pumpkin_seeds":4,"minecraft:campfire":2,"minecraft:iron_chestplate":1,"minecraft:shield":3,"minecraft:stick":108,"minecraft:light_blue_dye":1,"minecraft:iron_ingot":59,"minecraft:iron_pickaxe":1,"minecraft:black_bed":1,"minecraft:light_gray_dye":1,"minecraft:composter":1,"naturalist:cooked_egg":29,"minecraft:shears":3,"minecraft:oak_door":3,"minecraft:raw_iron":18,"minecraft:spyglass":2,"minecraft:furnace":3,"minecraft:bone_meal":33,"minecraft:iron_axe":4,"minecraft:stone_pickaxe":5,"minecraft:cobblestone_wall":6,"handcrafted:stackable_book":4,"minecraft:wheat":45,"minecraft:cooked_beef":3,"minecraft:sugar":1,"minecraft:enchanting_table":1,"minecraft:cooked_salmon":16,"minecraft:mangrove_planks":192,"minecraft:stone_axe":2,"minecraft:bread":63,"minecraft:air":0,"minecraft:oak_fence_gate":2,"minecraft:white_dye":3,"minecraft:black_carpet":3,"minecraft:iron_leggings":1,"minecraft:pumpkin_pie":5,"minecraft:torch":212,"minecraft:mangrove_slab":6},"minecraft:picked_up":{"minecraft:iron_chestplate":1,"minecraft:wheat":453,"minecraft:flower_pot":2,"minecraft:prismarine_shard":1,"minecraft:lead":4,"artifacts:umbrella":1,"minecraft:oak_stairs":1,"minecraft:string":12,"minecraft:raw_copper":22,"minecraft:cooked_salmon":6,"minecraft:iron_leggings":2,"minecraft:experience_bottle":3,"minecraft:smooth_stone":5,"minecraft:cobbled_deepslate":5,"minecraft:bucket":1,"minecraft:spruce_planks":18,"minecraft:rose_bush":23,"minecraft:cobblestone_slab":17,"minecraft:azalea":1,"minecraft:iron_pickaxe":1,"minecraft:hopper_minecart":1,"minecraft:melon_slice":182,"minecraft:mangrove_log":492,"minecraft:iron_boots":3,"minecraft:furnace":9,"minecraft:stick":543,"minecraft:oak_fence":35,"minecraft:torch":26,"minecraft:green_bed":3,"minecraft:porkchop":35,"minecraft:cactus":13,"minecraft:rotten_flesh":21,"minecraft:mangrove_roots":390,"supplementaries:ash":10,"minecraft:cobblestone":377,"minecraft:birch_log":7,"minecraft:feather":9,"minecraft:water_bucket":1,"minecraft:smoker":7,"minecraft:potato":4,"immersive_weathering:silt":3,"minecraft:flint":21,"overweight_farming:overweight_carrot_block":3,"minecraft:lapis_lazuli":141,"minecraft:dirt":167,"minecraft:lantern":3,"minecraft:leather_boots":2,"minecraft:bone":29,"immersive_weathering:weeds":3,"minecraft:bow":7,"minecraft:wheat_seeds":1186,"minecraft:raw_gold":3,"minecraft:fletching_table":3,"minecraft:glowstone_dust":4,"minecraft:bamboo":1,"minecraft:honeycomb":9,"minecraft:oak_planks":8,"minecraft:mossy_stone_brick_stairs":1,"immersive_weathering:tallow":29,"minecraft:cooked_porkchop":7,"overweight_farming:overweight_potato_block":5,"handcrafted:mangrove_table":2,"minecraft:axolotl_bucket":1,"betterarcheology:artifact_shards":1,"minecraft:sand":18,"minecraft:grass_block":1,"minecraft:lily_of_the_valley":1,"minecraft:trapped_chest":2,"minecraft:barrel":17,"minecraft:mossy_cobblestone":2,"minecraft:bundle":4,"minecraft:sugar":1,"minecraft:diamond":5,"minecraft:writable_book":1,"overweight_farming:overweight_beetroot_block":6,"minecraft:bone_meal":21,"minecraft:bread":152,"minecraft:emerald":28,"minecraft:oak_sapling":90,"minecraft:oak_leaves":124,"minecraft:coarse_dirt":1,"minecraft:crafting_table":17,"minecraft:azure_bluet":2,"minecraft:chicken":8,"minecraft:golden_pickaxe":1,"minecraft:cooked_rabbit":2,"minecraft:shield":2,"minecraft:red_bed":5,"minecraft:moss_carpet":58,"minecraft:iron_axe":2,"immersive_aircraft:biplane":1,"minecraft:item_frame":1,"minecraft:compass":1,"minecraft:iron_shovel":1,"minecraft:cyan_carpet":7,"minecraft:blue_orchid":2,"minecraft:beef":3,"minecraft:iron_nugget":14,"minecraft:poppy":5,"minecraft:light_gray_wool":7,"minecraft:minecart":4,"minecraft:sugar_cane":175,"another_furniture:black_lamp":3,"minecraft:spruce_trapdoor":14,"minecraft:egg":300,"minecraft:raw_iron":96,"minecraft:stone":12,"minecraft:oak_door":6,"minecraft:copper_ingot":15,"wildlife:raw_anglerfish":1,"minecraft:spruce_fence":1,"minecraft:mangrove_sign":3,"minecraft:carrot":31,"minecraft:redstone":37,"minecraft:mangrove_trapdoor":3,"minecraft:arrow":82,"minecraft:beetroot_seeds":2,"minecraft:pumpkin_pie":4,"minecraft:hay_block":5,"artifacts:cross_necklace":1,"sleep_tight:bedbug_eggs":1,"minecraft:saddle":2,"minecraft:totem_of_undying":3,"minecraft:mutton":40,"minecraft:rail":16,"minecraft:white_wool":1,"minecraft:oxeye_daisy":2,"minecraft:basalt":6,"minecraft:salmon":4,"minecraft:cut_sandstone":4,"minecraft:leather":11,"minecraft:birch_planks":3,"minecraft:oak_log":210,"immersive_weathering:ivy":7,"minecraft:gunpowder":11,"minecraft:golden_boots":1,"naturalist:cooked_egg":1,"minecraft:cobblestone_wall":9,"minecraft:cobblestone_stairs":41,"minecraft:white_banner":11,"minecraft:apple":18,"minecraft:iron_ingot":1,"minecraft:oak_fence_gate":1,"minecraft:stone_pickaxe":1,"minecraft:mangrove_planks":31,"minecraft:gray_bed":4,"minecraft:iron_sword":1,"minecraft:green_dye":1,"minecraft:book":86,"minecraft:oak_slab":16,"minecraft:pumpkin":20,"minecraft:dandelion":8,"another_furniture:mangrove_chair":4,"minecraft:spyglass":1,"betterarcheology:bomb":2,"variantcraftingtables:mangrove_crafting_table":2,"minecraft:gravel":65,"minecraft:spider_eye":6,"minecraft:firework_rocket":8,"minecraft:pumpkin_seeds":3,"minecraft:slime_ball":5,"minecraft:stone_axe":1,"minecraft:iron_helmet":1,"minecraft:gray_wool":26,"minecraft:black_wool":15,"minecraft:melon_seeds":2,"minecraft:mangrove_propagule":129,"minecraft:coal":384,"minecraft:hopper":14,"minecraft:ender_pearl":3},"minecraft:dropped":{"minecraft:oak_log":103,"minecraft:baked_potato":4,"minecraft:diamond":1,"minecraft:cookie":4,"minecraft:lantern":2,"minecraft:leather":1,"minecraft:honeycomb":3,"minecraft:cobblestone_stairs":3,"minecraft:dirt":37,"minecraft:cut_sandstone":2,"minecraft:pumpkin_pie":1,"minecraft:bone_meal":4,"minecraft:white_wool":1,"minecraft:bone":9,"naturalist:cooked_egg":67,"minecraft:compass":1,"minecraft:spyglass":1,"minecraft:cooked_chicken":5,"minecraft:wheat":2,"minecraft:rotten_flesh":8,"minecraft:oak_planks":30,"minecraft:gunpowder":9,"artifacts:umbrella":1,"minecraft:basalt":3,"minecraft:arrow":21,"minecraft:oak_leaves":140,"minecraft:egg":2,"minecraft:bread":1,"minecraft:iron_ingot":4,"minecraft:golden_boots":1,"minecraft:oak_slab":19,"minecraft:wheat_seeds":19,"minecraft:cobblestone":3,"minecraft:copper_ingot":15,"minecraft:coal":72,"minecraft:torch":30,"minecraft:cooked_salmon":5,"minecraft:iron_leggings":1,"minecraft:white_banner":2,"minecraft:iron_axe":1,"minecraft:redstone":22,"minecraft:furnace":1,"minecraft:moss_carpet":6,"minecraft:raw_iron":47,"minecraft:iron_boots":1,"minecraft:totem_of_undying":1,"minecraft:shears":2,"minecraft:stone":3,"minecraft:shield":1,"minecraft:bundle":1,"minecraft:oak_sapling":1,"minecraft:stone_pickaxe":3,"minecraft:bow":5},"minecraft:broken":{"minecraft:stone_pickaxe":2,"minecraft:stone_axe":1,"minecraft:shield":1,"minecraft:iron_axe":4,"minecraft:iron_pickaxe":1},"minecraft:mined":{"another_furniture:mangrove_chair":4,"minecraft:oak_sapling":1,"minecraft:cobblestone_stairs":42,"minecraft:spruce_trapdoor":4,"minecraft:grass_block":37,"minecraft:hopper":15,"minecraft:oxeye_daisy":1,"minecraft:smooth_stone":5,"minecraft:fire":2,"minecraft:iron_ore":90,"immersive_weathering:mossy_stone":1,"minecraft:barrel":17,"minecraft:moss_carpet":3,"minecraft:pumpkin":20,"minecraft:fletching_table":1,"minecraft:deepslate_lapis_ore":2,"minecraft:azure_bluet":1,"minecraft:oak_stairs":1,"minecraft:white_banner":1,"betterarcheology:loot_vase":1,"minecraft:blue_orchid":2,"minecraft:green_bed":1,"immersive_weathering:oak_leaf_pile":163,"minecraft:deepslate_redstone_ore":3,"minecraft:red_bed":4,"minecraft:smoker":7,"minecraft:torch":2,"immersive_weathering:grassy_silt":3,"minecraft:poppy":4,"minecraft:melon":24,"minecraft:dead_bush":2,"handcrafted:mangrove_table":2,"minecraft:cobblestone":27,"minecraft:sugar_cane":86,"minecraft:oak_planks":1,"minecraft:wall_torch":4,"minecraft:wheat":361,"minecraft:grass":1003,"sleep_tight:infested_bed":1,"minecraft:oak_log":13,"minecraft:oak_fence_gate":1,"minecraft:sand":2,"minecraft:dirt":98,"minecraft:mangrove_log":10,"immersive_weathering:weeds":1,"minecraft:oak_leaves":2,"minecraft:deepslate":5,"minecraft:oak_door":4,"minecraft:mangrove_roots":393,"minecraft:mangrove_wall_sign":3,"minecraft:mangrove_trapdoor":3,"minecraft:mangrove_propagule":106,"minecraft:large_fern":2,"minecraft:hay_block":5,"minecraft:redstone_ore":4,"minecraft:furnace":8,"minecraft:carrots":9,"treechop:chopped_log":57,"minecraft:bookshelf":10,"minecraft:potatoes":1,"minecraft:deepslate_iron_ore":5,"minecraft:cobblestone_slab":11,"minecraft:vine":9,"immersive_weathering:silt":1,"immersive_weathering:ivy":10,"minecraft:stone":282,"minecraft:acacia_leaves":1,"minecraft:lily_of_the_valley":1,"minecraft:dandelion":7,"minecraft:oak_fence":35,"minecraft:crafting_table":16,"minecraft:rose_bush":23,"immersive_weathering:mangrove_leaf_pile":870,"minecraft:copper_ore":3,"minecraft:tall_grass":136,"minecraft:lapis_ore":18,"variantcraftingtables:mangrove_crafting_table":2,"supplementaries:urn":7,"minecraft:trapped_chest":1,"betterarcheology:loot_vase_creeper":2,"minecraft:cobblestone_wall":6,"minecraft:gray_bed":5,"minecraft:mangrove_planks":29,"minecraft:mangrove_leaves":8,"minecraft:coal_ore":225,"minecraft:gravel":42,"minecraft:cyan_carpet":5,"minecraft:flower_pot":1,"minecraft:gray_carpet":1,"minecraft:gold_ore":1,"another_furniture:black_lamp":3,"minecraft:fern":4},"minecraft:killed_by":{"creeperoverhaul:ocean_creeper":1,"minecraft:player":1},"minecraft:used":{"minecraft:moss_carpet":5,"minecraft:light_gray_dye":1,"minecraft:iron_shovel":144,"minecraft:poppy":3,"minecraft:black_carpet":1,"minecraft:chest":3,"minecraft:shield":65,"minecraft:stone":8,"minecraft:iron_sword":284,"immersive_weathering:ivy":7,"handcrafted:stackable_book":4,"minecraft:lily_of_the_valley":1,"minecraft:carrot":9,"minecraft:axolotl_bucket":1,"minecraft:azure_bluet":1,"minecraft:mangrove_log":7,"minecraft:grass_block":1,"minecraft:lantern":1,"minecraft:blue_orchid":1,"minecraft:item_frame":4,"minecraft:bow":60,"minecraft:mangrove_roots":52,"minecraft:furnace":9,"minecraft:oak_sapling":53,"minecraft:gray_bed":5,"minecraft:egg":25,"immersive_aircraft:biplane":1,"minecraft:potato":10,"minecraft:stone_pickaxe":262,"naturalist:cooked_egg":92,"minecraft:oak_planks":1,"minecraft:mangrove_planks":41,"minecraft:wooden_pickaxe":11,"minecraft:composter":1,"minecraft:sugar_cane":63,"minecraft:glow_berries":13,"minecraft:sand":2,"minecraft:black_bed":1,"minecraft:shears":2,"minecraft:pumpkin_seeds":4,"minecraft:bread":72,"minecraft:melon_slice":4,"minecraft:cyan_carpet":7,"minecraft:gravel":1,"handcrafted:mangrove_table":6,"another_furniture:mangrove_chair":7,"minecraft:cooked_rabbit":2,"minecraft:coarse_dirt":1,"minecraft:bone_meal":47,"minecraft:experience_bottle":3,"minecraft:oak_fence":80,"minecraft:enchanting_table":1,"minecraft:spruce_planks":18,"minecraft:cooked_salmon":17,"minecraft:stone_hoe":176,"another_furniture:black_lamp":3,"minecraft:oak_door":7,"minecraft:torch":171,"minecraft:dirt":101,"minecraft:spyglass":29,"minecraft:hopper":18,"minecraft:cobblestone_wall":15,"minecraft:oak_fence_gate":3,"minecraft:bookshelf":15,"minecraft:oak_stairs":1,"minecraft:iron_axe":1170,"minecraft:totem_of_undying":1,"minecraft:barrel":26,"minecraft:bamboo":3,"variantcraftingtables:mangrove_crafting_table":3,"minecraft:trapped_chest":1,"minecraft:cooked_beef":4,"minecraft:mangrove_boat":1,"minecraft:wheat_seeds":835,"minecraft:cooked_mutton":2,"minecraft:water_bucket":24,"minecraft:cobblestone_stairs":47,"minecraft:birch_boat":1,"minecraft:white_dye":3,"minecraft:fletching_table":2,"minecraft:green_bed":3,"minecraft:cobblestone_slab":17,"minecraft:leather_boots":1,"minecraft:mossy_cobblestone":1,"minecraft:mangrove_trapdoor":7,"minecraft:crafting_table":19,"minecraft:red_bed":4,"minecraft:campfire":2,"immersive_weathering:silt":3,"minecraft:mangrove_sign":3,"minecraft:smoker":6,"minecraft:oak_log":4,"minecraft:flower_pot":2,"minecraft:apple":8,"minecraft:oxeye_daisy":2,"minecraft:mangrove_propagule":1,"minecraft:iron_pickaxe":493,"minecraft:spruce_trapdoor":14,"minecraft:stone_axe":179,"minecraft:cobblestone":118,"minecraft:white_banner":3,"minecraft:cooked_porkchop":24,"minecraft:bucket":26,"minecraft:pumpkin_pie":4,"minecraft:dandelion":7},"minecraft:custom":{"minecraft:animals_bred":42,"minecraft:interact_with_crafting_table":128,"minecraft:open_barrel":394,"minecraft:leave_game":15,"minecraft:time_since_death":571310,"minecraft:sprint_one_cm":1879243,"minecraft:damage_blocked_by_shield":3310,"minecraft:drop":194,"minecraft:talked_to_villager":22,"minecraft:play_time":884551,"minecraft:deaths":2,"minecraft:jump":14889,"minecraft:walk_on_water_one_cm":53651,"minecraft:enchant_item":7,"minecraft:interact_with_furnace":60,"minecraft:traded_with_villager":11,"minecraft:sleep_in_bed":49,"minecraft:damage_dealt":26097,"minecraft:crouch_one_cm":66863,"minecraft:interact_with_smoker":56,"minecraft:horse_one_cm":5773,"minecraft:interact_with_smithing_table":1,"minecraft:interact_with_anvil":1,"minecraft:mob_kills":169,"minecraft:inspect_hopper":41,"minecraft:climb_one_cm":76957,"minecraft:walk_one_cm":2271397,"minecraft:sneak_time":27675,"minecraft:walk_under_water_one_cm":39767,"minecraft:boat_one_cm":94291,"minecraft:total_world_time":884551,"minecraft:raid_trigger":1,"minecraft:pot_flower":3,"minecraft:interact_with_stonecutter":1,"minecraft:time_since_rest":22625,"minecraft:damage_taken":6436,"minecraft:trigger_trapped_chest":1,"minecraft:swim_one_cm":48272,"minecraft:fly_one_cm":3048516,"minecraft:open_chest":138,"minecraft:fall_one_cm":335793}},"DataVersion":3465}