{"stats":{"minecraft:killed_by":{"creeperoverhaul:ocean_creeper":1},"minecraft:dropped":{"minecraft:baked_potato":4,"minecraft:diamond":1,"minecraft:cookie":4,"minecraft:cobblestone":3,"minecraft:leather":1,"minecraft:coal":32,"minecraft:cobblestone_stairs":2,"minecraft:torch":30,"minecraft:white_wool":1,"minecraft:cooked_chicken":5,"minecraft:rotten_flesh":2,"minecraft:shield":1,"minecraft:arrow":17,"minecraft:bow":1,"minecraft:stone_pickaxe":3},"minecraft:crafted":{"minecraft:oak_door":3,"minecraft:oak_planks":60,"minecraft:birch_boat":1,"minecraft:cooked_chicken":4,"minecraft:furnace":2,"minecraft:cobblestone_stairs":8,"minecraft:bow":2,"minecraft:iron_boots":1,"minecraft:stone_pickaxe":5,"minecraft:cobblestone_wall":6,"minecraft:chest":2,"minecraft:cooked_beef":3,"minecraft:arrow":32,"minecraft:cooked_porkchop":13,"minecraft:crafting_table":1,"minecraft:iron_helmet":1,"minecraft:wooden_pickaxe":1,"minecraft:cooked_salmon":5,"minecraft:fletching_table":1,"minecraft:birch_planks":24,"minecraft:stone_axe":2,"minecraft:air":0,"minecraft:iron_chestplate":1,"minecraft:shield":2,"minecraft:stick":64,"minecraft:iron_ingot":32,"minecraft:iron_pickaxe":1,"minecraft:iron_leggings":1,"minecraft:torch":132},"minecraft:used":{"minecraft:iron_shovel":74,"minecraft:chest":2,"minecraft:shield":33,"minecraft:stone":1,"minecraft:cooked_salmon":5,"minecraft:oak_door":7,"minecraft:torch":81,"minecraft:dirt":8,"minecraft:cobblestone_wall":15,"minecraft:oak_stairs":1,"minecraft:barrel":3,"minecraft:bow":4,"minecraft:mangrove_roots":1,"minecraft:furnace":8,"minecraft:trapped_chest":1,"minecraft:cooked_beef":1,"minecraft:cobblestone_stairs":41,"minecraft:stone_pickaxe":262,"minecraft:oak_planks":1,"minecraft:wooden_pickaxe":11,"minecraft:birch_boat":1,"minecraft:fletching_table":2,"minecraft:cobblestone_slab":17,"minecraft:leather_boots":1,"minecraft:mossy_cobblestone":1,"minecraft:sand":1,"minecraft:crafting_table":15,"minecraft:red_bed":4,"minecraft:bread":3,"minecraft:melon_slice":3,"minecraft:iron_pickaxe":147,"minecraft:cyan_carpet":5,"minecraft:gravel":1,"minecraft:stone_axe":149,"minecraft:cobblestone":59,"minecraft:cooked_porkchop":13},"minecraft:killed":{"minecraft:spider":4,"endermanoverhaul:swamp_enderman":2,"minecraft:skeleton":12,"minecraft:chicken":8,"creeperoverhaul:cave_creeper":6,"artifacts:mimic":2,"minecraft:pig":12,"minecraft:creeper":2,"minecraft:sheep":2,"minecraft:zombie":16,"minecraft:cow":2},"minecraft:mined":{"minecraft:oak_door":4,"minecraft:cobblestone_stairs":38,"minecraft:mangrove_roots":1,"minecraft:grass_block":6,"minecraft:mangrove_propagule":6,"minecraft:furnace":7,"minecraft:barrel":2,"minecraft:iron_ore":36,"treechop:chopped_log":5,"minecraft:fletching_table":1,"minecraft:bookshelf":10,"minecraft:deepslate_iron_ore":1,"minecraft:cobblestone_slab":11,"minecraft:oak_stairs":1,"minecraft:stone":178,"minecraft:acacia_leaves":1,"minecraft:red_bed":4,"minecraft:torch":1,"minecraft:crafting_table":13,"immersive_weathering:grassy_silt":1,"minecraft:copper_ore":3,"minecraft:cobblestone":12,"minecraft:lapis_ore":4,"minecraft:oak_planks":1,"minecraft:sugar_cane":21,"minecraft:wall_torch":1,"supplementaries:urn":2,"minecraft:trapped_chest":1,"minecraft:cobblestone_wall":6,"minecraft:gray_bed":1,"minecraft:grass":3,"minecraft:oak_log":3,"minecraft:coal_ore":122,"minecraft:sand":1,"minecraft:cyan_carpet":5,"minecraft:gravel":42,"minecraft:dirt":35},"minecraft:picked_up":{"minecraft:crafting_table":14,"minecraft:chicken":7,"minecraft:flower_pot":1,"minecraft:prismarine_shard":1,"minecraft:golden_pickaxe":1,"minecraft:oak_stairs":1,"minecraft:shield":1,"minecraft:string":4,"minecraft:red_bed":5,"minecraft:raw_copper":22,"minecraft:iron_shovel":1,"minecraft:cyan_carpet":5,"minecraft:beef":3,"minecraft:cobblestone_slab":17,"minecraft:iron_pickaxe":1,"minecraft:hopper_minecart":1,"minecraft:minecart":4,"minecraft:sugar_cane":104,"minecraft:iron_boots":1,"minecraft:furnace":7,"minecraft:egg":16,"minecraft:raw_iron":39,"minecraft:stick":19,"minecraft:stone":1,"minecraft:oak_door":6,"minecraft:torch":9,"minecraft:porkchop":13,"minecraft:arrow":22,"minecraft:rotten_flesh":9,"minecraft:mangrove_roots":1,"supplementaries:ash":4,"minecraft:mutton":1,"minecraft:rail":16,"minecraft:white_wool":1,"minecraft:cobblestone":266,"minecraft:birch_log":7,"minecraft:feather":8,"minecraft:salmon":4,"minecraft:leather":8,"minecraft:birch_planks":3,"minecraft:flint":21,"minecraft:oak_log":56,"minecraft:gunpowder":9,"minecraft:cobblestone_wall":9,"minecraft:cobblestone_stairs":37,"minecraft:lapis_lazuli":25,"minecraft:dirt":35,"minecraft:leather_boots":2,"minecraft:bone":10,"minecraft:apple":8,"minecraft:bow":1,"minecraft:wheat_seeds":2,"minecraft:raw_gold":2,"minecraft:iron_ingot":1,"minecraft:stone_pickaxe":1,"minecraft:fletching_table":2,"minecraft:bamboo":1,"minecraft:mangrove_planks":2,"minecraft:oak_planks":1,"immersive_weathering:tallow":17,"minecraft:book":78,"minecraft:cooked_porkchop":7,"minecraft:axolotl_bucket":1,"minecraft:gravel":65,"minecraft:sand":1,"minecraft:trapped_chest":2,"minecraft:barrel":3,"minecraft:spider_eye":1,"minecraft:bundle":2,"minecraft:diamond":2,"minecraft:slime_ball":5,"minecraft:stone_axe":1,"minecraft:writable_book":1,"minecraft:oak_sapling":22,"minecraft:coal":218,"minecraft:mangrove_propagule":12,"minecraft:ender_pearl":2},"minecraft:broken":{"minecraft:stone_pickaxe":2,"minecraft:stone_axe":1},"minecraft:custom":{"minecraft:interact_with_smithing_table":1,"minecraft:mob_kills":34,"minecraft:interact_with_crafting_table":47,"minecraft:open_barrel":19,"minecraft:leave_game":1,"minecraft:time_since_death":86232,"minecraft:climb_one_cm":2725,"minecraft:sprint_one_cm":236786,"minecraft:walk_one_cm":592824,"minecraft:damage_blocked_by_shield":1710,"minecraft:drop":36,"minecraft:talked_to_villager":5,"minecraft:play_time":159286,"minecraft:sneak_time":9226,"minecraft:deaths":1,"minecraft:walk_under_water_one_cm":27384,"minecraft:boat_one_cm":11556,"minecraft:jump":2114,"minecraft:walk_on_water_one_cm":14777,"minecraft:total_world_time":159286,"minecraft:interact_with_furnace":37,"minecraft:sleep_in_bed":8,"minecraft:time_since_rest":2037,"minecraft:damage_taken":1122,"minecraft:trigger_trapped_chest":1,"minecraft:damage_dealt":5738,"minecraft:swim_one_cm":32161,"minecraft:fly_one_cm":371423,"minecraft:open_chest":42,"minecraft:crouch_one_cm":21124,"minecraft:interact_with_smoker":10,"minecraft:fall_one_cm":44838,"minecraft:horse_one_cm":268}},"DataVersion":3465}