{"stats":{"minecraft:killed_by":{"creeperoverhaul:ocean_creeper":1},"minecraft:dropped":{"minecraft:iron_ingot":4,"minecraft:bread":1,"minecraft:wheat_seeds":9,"minecraft:baked_potato":4,"minecraft:diamond":1,"minecraft:cookie":4,"minecraft:cobblestone":3,"minecraft:leather":1,"minecraft:copper_ingot":15,"minecraft:coal":72,"minecraft:cobblestone_stairs":2,"minecraft:torch":30,"minecraft:cooked_salmon":4,"minecraft:iron_axe":1,"minecraft:white_wool":1,"minecraft:bone":9,"minecraft:redstone":22,"minecraft:furnace":1,"minecraft:compass":1,"minecraft:spyglass":1,"minecraft:cooked_chicken":5,"minecraft:wheat":2,"minecraft:raw_iron":47,"minecraft:rotten_flesh":2,"minecraft:iron_boots":1,"minecraft:stone":3,"minecraft:shield":1,"minecraft:gunpowder":9,"artifacts:umbrella":1,"minecraft:bundle":1,"minecraft:bow":4,"minecraft:arrow":21,"minecraft:stone_pickaxe":3},"minecraft:crafted":{"minecraft:oak_door":3,"minecraft:oak_planks":148,"minecraft:raw_iron":18,"minecraft:spyglass":2,"minecraft:birch_boat":1,"minecraft:cooked_chicken":4,"minecraft:furnace":2,"minecraft:cobblestone_stairs":8,"minecraft:bow":2,"minecraft:iron_boots":1,"minecraft:stone_pickaxe":5,"minecraft:cobblestone_wall":6,"minecraft:chest":2,"minecraft:stone_hoe":1,"minecraft:oak_fence":45,"minecraft:cooked_beef":3,"minecraft:arrow":32,"minecraft:cooked_porkchop":13,"minecraft:crafting_table":2,"travelersbackpack:standard":1,"minecraft:wooden_pickaxe":1,"minecraft:iron_helmet":1,"minecraft:cooked_salmon":13,"minecraft:fletching_table":1,"minecraft:birch_planks":24,"minecraft:stone_axe":2,"minecraft:bread":3,"minecraft:air":0,"minecraft:oak_fence_gate":2,"minecraft:iron_chestplate":1,"minecraft:shield":2,"minecraft:stick":104,"minecraft:light_blue_dye":1,"minecraft:iron_ingot":34,"minecraft:iron_pickaxe":1,"minecraft:iron_leggings":1,"minecraft:torch":208,"minecraft:shears":1},"minecraft:used":{"minecraft:oak_fence":52,"minecraft:iron_shovel":75,"minecraft:poppy":1,"minecraft:chest":2,"minecraft:shield":39,"minecraft:stone":1,"minecraft:cooked_salmon":9,"minecraft:stone_hoe":80,"minecraft:oak_door":7,"minecraft:torch":161,"minecraft:dirt":16,"minecraft:spyglass":2,"minecraft:cobblestone_wall":15,"minecraft:carrot":9,"minecraft:axolotl_bucket":1,"minecraft:oak_fence_gate":2,"minecraft:grass_block":1,"minecraft:oak_stairs":1,"minecraft:barrel":4,"minecraft:bamboo":3,"variantcraftingtables:mangrove_crafting_table":1,"minecraft:bow":4,"minecraft:mangrove_roots":1,"minecraft:oak_sapling":1,"minecraft:furnace":8,"immersive_aircraft:biplane":1,"minecraft:egg":6,"minecraft:trapped_chest":1,"minecraft:cooked_beef":4,"minecraft:wheat_seeds":102,"minecraft:cooked_mutton":2,"minecraft:cobblestone_stairs":41,"minecraft:stone_pickaxe":262,"minecraft:oak_planks":1,"minecraft:birch_boat":1,"minecraft:wooden_pickaxe":11,"minecraft:fletching_table":2,"minecraft:leather_boots":1,"minecraft:cobblestone_slab":17,"minecraft:glow_berries":13,"minecraft:mossy_cobblestone":1,"minecraft:sand":1,"minecraft:crafting_table":17,"minecraft:red_bed":4,"minecraft:apple":8,"minecraft:flower_pot":2,"minecraft:bread":7,"minecraft:melon_slice":3,"minecraft:iron_pickaxe":377,"minecraft:cyan_carpet":5,"minecraft:gravel":1,"minecraft:stone_axe":179,"travelersbackpack:standard":2,"minecraft:cobblestone":68,"minecraft:cooked_porkchop":13,"minecraft:bucket":2},"minecraft:killed":{"minecraft:spider":4,"endermanoverhaul:swamp_enderman":2,"minecraft:skeleton":16,"minecraft:chicken":8,"creeperoverhaul:cave_creeper":6,"artifacts:mimic":2,"minecraft:pig":12,"minecraft:creeper":2,"minecraft:sheep":2,"minecraft:zombie":20,"minecraft:enderman":4,"minecraft:cow":2},"minecraft:mined":{"minecraft:oak_sapling":1,"minecraft:oak_door":4,"minecraft:cobblestone_stairs":38,"minecraft:mangrove_roots":1,"minecraft:grass_block":14,"minecraft:mangrove_propagule":6,"minecraft:redstone_ore":4,"minecraft:furnace":8,"minecraft:carrots":9,"immersive_weathering:mossy_stone":1,"minecraft:iron_ore":90,"minecraft:barrel":3,"treechop:chopped_log":5,"minecraft:pumpkin":1,"minecraft:deepslate_lapis_ore":2,"minecraft:fletching_table":1,"minecraft:bookshelf":10,"minecraft:deepslate_iron_ore":5,"minecraft:cobblestone_slab":11,"minecraft:oak_stairs":1,"minecraft:stone":243,"minecraft:blue_orchid":1,"immersive_weathering:oak_leaf_pile":2,"minecraft:deepslate_redstone_ore":3,"minecraft:acacia_leaves":1,"minecraft:red_bed":4,"minecraft:oak_fence":7,"minecraft:crafting_table":15,"minecraft:torch":1,"immersive_weathering:grassy_silt":1,"minecraft:cobblestone":12,"minecraft:copper_ore":3,"minecraft:tall_grass":118,"minecraft:lapis_ore":10,"variantcraftingtables:mangrove_crafting_table":1,"minecraft:sugar_cane":21,"minecraft:oak_planks":1,"minecraft:wall_torch":1,"supplementaries:urn":7,"minecraft:trapped_chest":1,"minecraft:cobblestone_wall":6,"minecraft:wheat":19,"minecraft:gray_bed":1,"minecraft:grass":628,"minecraft:oak_log":3,"minecraft:coal_ore":202,"minecraft:cyan_carpet":5,"minecraft:gravel":42,"minecraft:flower_pot":1,"minecraft:sand":1,"minecraft:dirt":35,"minecraft:gold_ore":1,"minecraft:deepslate":5,"minecraft:fern":1},"minecraft:picked_up":{"minecraft:crafting_table":16,"minecraft:wheat":19,"minecraft:chicken":7,"minecraft:flower_pot":2,"minecraft:prismarine_shard":1,"minecraft:golden_pickaxe":1,"artifacts:umbrella":1,"minecraft:oak_stairs":1,"minecraft:shield":1,"minecraft:string":4,"minecraft:red_bed":5,"minecraft:raw_copper":22,"minecraft:iron_axe":1,"immersive_aircraft:biplane":1,"minecraft:compass":1,"minecraft:iron_shovel":1,"minecraft:cyan_carpet":5,"minecraft:blue_orchid":1,"minecraft:cobbled_deepslate":5,"minecraft:bucket":1,"minecraft:beef":3,"minecraft:cobblestone_slab":17,"minecraft:poppy":1,"minecraft:iron_pickaxe":1,"minecraft:hopper_minecart":1,"minecraft:minecart":4,"minecraft:sugar_cane":104,"minecraft:furnace":8,"minecraft:iron_boots":2,"minecraft:egg":22,"minecraft:raw_iron":96,"minecraft:stick":22,"minecraft:stone":4,"minecraft:oak_door":6,"minecraft:copper_ingot":15,"minecraft:oak_fence":7,"minecraft:torch":20,"minecraft:porkchop":13,"minecraft:carrot":31,"minecraft:redstone":22,"minecraft:arrow":28,"minecraft:rotten_flesh":9,"minecraft:mangrove_roots":1,"supplementaries:ash":10,"minecraft:mutton":1,"minecraft:white_wool":1,"minecraft:rail":16,"minecraft:cobblestone":331,"minecraft:birch_log":7,"minecraft:feather":8,"minecraft:salmon":4,"minecraft:leather":8,"minecraft:birch_planks":3,"minecraft:flint":21,"minecraft:oak_log":56,"minecraft:gunpowder":10,"minecraft:cobblestone_wall":9,"minecraft:cobblestone_stairs":37,"minecraft:lapis_lazuli":80,"minecraft:dirt":43,"travelersbackpack:sheep":1,"minecraft:leather_boots":2,"minecraft:bone":16,"minecraft:apple":8,"minecraft:bow":4,"minecraft:wheat_seeds":141,"minecraft:raw_gold":3,"minecraft:iron_ingot":1,"minecraft:stone_pickaxe":1,"minecraft:fletching_table":2,"minecraft:bamboo":1,"minecraft:mangrove_planks":2,"minecraft:oak_planks":1,"immersive_weathering:tallow":17,"minecraft:book":78,"minecraft:cooked_porkchop":7,"minecraft:pumpkin":1,"minecraft:axolotl_bucket":1,"variantcraftingtables:mangrove_crafting_table":1,"minecraft:gravel":65,"minecraft:sand":1,"minecraft:grass_block":1,"minecraft:barrel":4,"minecraft:trapped_chest":2,"minecraft:spider_eye":1,"minecraft:mossy_cobblestone":2,"minecraft:bundle":3,"minecraft:slime_ball":5,"minecraft:diamond":2,"minecraft:stone_axe":1,"minecraft:writable_book":1,"minecraft:bread":3,"minecraft:emerald":3,"minecraft:oak_sapling":23,"minecraft:mangrove_propagule":12,"minecraft:coal":298,"minecraft:ender_pearl":3},"minecraft:broken":{"minecraft:stone_pickaxe":2,"minecraft:stone_axe":1,"minecraft:iron_pickaxe":1},"minecraft:custom":{"minecraft:interact_with_smithing_table":1,"minecraft:mob_kills":40,"minecraft:animals_bred":1,"minecraft:interact_with_crafting_table":72,"minecraft:open_barrel":60,"minecraft:leave_game":2,"minecraft:time_since_death":196131,"minecraft:climb_one_cm":4659,"minecraft:sprint_one_cm":521879,"minecraft:walk_one_cm":910039,"minecraft:damage_blocked_by_shield":2065,"minecraft:drop":122,"minecraft:talked_to_villager":10,"minecraft:play_time":269185,"minecraft:deaths":1,"minecraft:sneak_time":12581,"minecraft:walk_under_water_one_cm":34918,"minecraft:boat_one_cm":11556,"minecraft:jump":4245,"minecraft:walk_on_water_one_cm":35282,"minecraft:total_world_time":269185,"minecraft:interact_with_furnace":42,"minecraft:pot_flower":3,"minecraft:sleep_in_bed":12,"minecraft:time_since_rest":29748,"minecraft:damage_taken":1515,"minecraft:trigger_trapped_chest":1,"minecraft:damage_dealt":7183,"minecraft:swim_one_cm":32285,"minecraft:fly_one_cm":813480,"minecraft:open_chest":49,"minecraft:crouch_one_cm":29231,"minecraft:interact_with_smoker":10,"minecraft:fall_one_cm":93135,"minecraft:horse_one_cm":268}},"DataVersion":3465}