{"stats":{"minecraft:killed_by":{"creeperoverhaul:ocean_creeper":1},"minecraft:dropped":{"minecraft:cobblestone":3,"minecraft:leather":1,"minecraft:cobblestone_stairs":2,"minecraft:torch":30,"minecraft:white_wool":1,"minecraft:cooked_chicken":5,"minecraft:rotten_flesh":2,"minecraft:shield":1,"minecraft:arrow":17,"minecraft:bow":1,"minecraft:stone_pickaxe":3},"minecraft:crafted":{"minecraft:oak_door":3,"minecraft:oak_planks":60,"minecraft:birch_boat":1,"minecraft:cooked_chicken":4,"minecraft:furnace":2,"minecraft:cobblestone_stairs":8,"minecraft:bow":2,"minecraft:stone_pickaxe":5,"minecraft:cobblestone_wall":6,"minecraft:chest":2,"minecraft:cooked_beef":3,"minecraft:arrow":32,"minecraft:cooked_porkchop":13,"minecraft:crafting_table":1,"minecraft:wooden_pickaxe":1,"minecraft:cooked_salmon":5,"minecraft:fletching_table":1,"minecraft:birch_planks":24,"minecraft:stone_axe":2,"minecraft:air":0,"minecraft:shield":2,"minecraft:stick":64,"minecraft:iron_ingot":4,"minecraft:iron_pickaxe":1,"minecraft:torch":132},"minecraft:used":{"minecraft:iron_shovel":74,"minecraft:chest":2,"minecraft:shield":19,"minecraft:stone":1,"minecraft:cooked_salmon":5,"minecraft:oak_door":7,"minecraft:torch":59,"minecraft:dirt":7,"minecraft:cobblestone_wall":15,"minecraft:oak_stairs":1,"minecraft:mangrove_roots":1,"minecraft:furnace":8,"minecraft:cooked_beef":1,"minecraft:cobblestone_stairs":41,"minecraft:stone_pickaxe":262,"minecraft:oak_planks":1,"minecraft:wooden_pickaxe":11,"minecraft:birch_boat":1,"minecraft:fletching_table":2,"minecraft:cobblestone_slab":17,"minecraft:leather_boots":1,"minecraft:mossy_cobblestone":1,"minecraft:sand":1,"minecraft:crafting_table":15,"minecraft:red_bed":4,"minecraft:iron_pickaxe":87,"minecraft:cyan_carpet":5,"minecraft:gravel":1,"minecraft:stone_axe":105,"minecraft:cobblestone":59,"minecraft:cooked_porkchop":8},"minecraft:killed":{"minecraft:spider":4,"endermanoverhaul:swamp_enderman":2,"minecraft:skeleton":8,"minecraft:chicken":8,"creeperoverhaul:cave_creeper":4,"minecraft:pig":12,"minecraft:creeper":2,"minecraft:sheep":2,"minecraft:zombie":16,"minecraft:cow":2},"minecraft:mined":{"minecraft:oak_door":4,"minecraft:cobblestone_stairs":38,"minecraft:mangrove_roots":1,"minecraft:grass_block":6,"minecraft:mangrove_propagule":6,"minecraft:furnace":7,"minecraft:iron_ore":21,"treechop:chopped_log":1,"minecraft:fletching_table":1,"minecraft:bookshelf":10,"minecraft:deepslate_iron_ore":1,"minecraft:cobblestone_slab":11,"minecraft:oak_stairs":1,"minecraft:stone":161,"minecraft:acacia_leaves":1,"minecraft:red_bed":4,"minecraft:torch":1,"minecraft:crafting_table":13,"immersive_weathering:grassy_silt":1,"minecraft:cobblestone":12,"minecraft:lapis_ore":4,"minecraft:oak_planks":1,"minecraft:sugar_cane":21,"minecraft:wall_torch":1,"minecraft:cobblestone_wall":6,"minecraft:gray_bed":1,"minecraft:grass":3,"minecraft:coal_ore":99,"minecraft:sand":1,"minecraft:cyan_carpet":5,"minecraft:gravel":42,"minecraft:dirt":35},"minecraft:picked_up":{"minecraft:crafting_table":14,"minecraft:chicken":7,"minecraft:prismarine_shard":1,"minecraft:oak_stairs":1,"minecraft:shield":1,"minecraft:string":2,"minecraft:red_bed":5,"minecraft:iron_shovel":1,"minecraft:cyan_carpet":5,"minecraft:beef":3,"minecraft:cobblestone_slab":17,"minecraft:sugar_cane":104,"minecraft:furnace":7,"minecraft:egg":16,"minecraft:raw_iron":25,"minecraft:stick":3,"minecraft:stone":1,"minecraft:oak_door":6,"minecraft:torch":9,"minecraft:porkchop":13,"minecraft:arrow":18,"minecraft:rotten_flesh":2,"minecraft:mangrove_roots":1,"minecraft:mutton":1,"minecraft:white_wool":1,"minecraft:cobblestone":230,"minecraft:birch_log":7,"minecraft:feather":8,"minecraft:salmon":4,"minecraft:leather":3,"minecraft:birch_planks":3,"minecraft:flint":21,"minecraft:oak_log":16,"minecraft:gunpowder":4,"minecraft:cobblestone_wall":9,"minecraft:cobblestone_stairs":37,"minecraft:lapis_lazuli":25,"minecraft:dirt":34,"minecraft:leather_boots":2,"minecraft:bone":6,"minecraft:apple":5,"minecraft:bow":1,"minecraft:wheat_seeds":2,"minecraft:raw_gold":1,"minecraft:iron_ingot":1,"minecraft:stone_pickaxe":1,"minecraft:fletching_table":1,"minecraft:mangrove_planks":2,"minecraft:oak_planks":1,"immersive_weathering:tallow":17,"minecraft:book":78,"minecraft:cooked_porkchop":7,"minecraft:axolotl_bucket":1,"minecraft:gravel":65,"minecraft:sand":1,"minecraft:spider_eye":1,"minecraft:bundle":2,"minecraft:slime_ball":5,"minecraft:stone_axe":1,"minecraft:writable_book":1,"minecraft:oak_sapling":4,"minecraft:coal":195,"minecraft:mangrove_propagule":12,"minecraft:ender_pearl":2},"minecraft:broken":{"minecraft:stone_pickaxe":2,"minecraft:stone_axe":1},"minecraft:custom":{"minecraft:mob_kills":30,"minecraft:interact_with_crafting_table":45,"minecraft:open_barrel":6,"minecraft:leave_game":1,"minecraft:time_since_death":62232,"minecraft:climb_one_cm":2693,"minecraft:sprint_one_cm":174123,"minecraft:walk_one_cm":528577,"minecraft:damage_blocked_by_shield":1140,"minecraft:drop":32,"minecraft:talked_to_villager":5,"minecraft:play_time":135286,"minecraft:sneak_time":8123,"minecraft:deaths":1,"minecraft:walk_under_water_one_cm":23085,"minecraft:boat_one_cm":11556,"minecraft:jump":1616,"minecraft:walk_on_water_one_cm":12716,"minecraft:total_world_time":135286,"minecraft:interact_with_furnace":24,"minecraft:sleep_in_bed":7,"minecraft:time_since_rest":15880,"minecraft:damage_taken":908,"minecraft:damage_dealt":5055,"minecraft:swim_one_cm":31302,"minecraft:fly_one_cm":278382,"minecraft:open_chest":33,"minecraft:crouch_one_cm":18563,"minecraft:interact_with_smoker":10,"minecraft:fall_one_cm":33819,"minecraft:horse_one_cm":268}},"DataVersion":3465}