{"stats":{"minecraft:dropped":{"minecraft:cobblestone":3,"minecraft:rotten_flesh":2,"minecraft:shield":1,"minecraft:torch":5,"minecraft:bow":1,"minecraft:arrow":13,"minecraft:white_wool":1},"minecraft:killed_by":{"creeperoverhaul:ocean_creeper":1},"minecraft:crafted":{"minecraft:cooked_beef":3,"minecraft:oak_planks":20,"minecraft:arrow":24,"minecraft:cooked_porkchop":13,"minecraft:crafting_table":1,"minecraft:birch_boat":1,"minecraft:wooden_pickaxe":1,"minecraft:furnace":1,"minecraft:fletching_table":1,"minecraft:birch_planks":24,"minecraft:stone_axe":1,"minecraft:air":0,"minecraft:bow":2,"minecraft:shield":2,"minecraft:stick":24,"minecraft:iron_ingot":1,"minecraft:stone_pickaxe":2,"minecraft:torch":12},"minecraft:used":{"minecraft:iron_shovel":41,"minecraft:stone_pickaxe":153,"minecraft:oak_planks":1,"minecraft:birch_boat":1,"minecraft:wooden_pickaxe":11,"minecraft:fletching_table":2,"minecraft:leather_boots":1,"minecraft:torch":2,"minecraft:dirt":7,"minecraft:sand":1,"minecraft:crafting_table":8,"minecraft:red_bed":3,"minecraft:oak_stairs":1,"minecraft:cyan_carpet":5,"minecraft:gravel":1,"minecraft:stone_axe":62,"minecraft:cobblestone":5,"minecraft:mangrove_roots":1,"minecraft:furnace":1,"minecraft:cooked_porkchop":6,"minecraft:cooked_beef":1},"minecraft:killed":{"minecraft:pig":12,"endermanoverhaul:swamp_enderman":2,"minecraft:sheep":2,"minecraft:skeleton":2,"minecraft:zombie":4,"minecraft:chicken":6,"minecraft:cow":2},"minecraft:mined":{"minecraft:acacia_leaves":1,"minecraft:red_bed":4,"minecraft:mangrove_roots":1,"minecraft:crafting_table":7,"minecraft:torch":1,"minecraft:grass_block":3,"immersive_weathering:grassy_silt":1,"minecraft:cobblestone":4,"minecraft:sugar_cane":19,"minecraft:oak_planks":1,"minecraft:mangrove_propagule":6,"minecraft:furnace":1,"minecraft:iron_ore":2,"minecraft:gray_bed":1,"treechop:chopped_log":1,"minecraft:fletching_table":1,"minecraft:grass":3,"minecraft:bookshelf":10,"minecraft:coal_ore":99,"minecraft:deepslate_iron_ore":1,"minecraft:oak_stairs":1,"minecraft:gravel":42,"minecraft:cyan_carpet":5,"minecraft:sand":1,"minecraft:dirt":5,"minecraft:stone":57},"minecraft:picked_up":{"minecraft:birch_log":7,"minecraft:crafting_table":7,"minecraft:feather":6,"minecraft:chicken":6,"minecraft:prismarine_shard":1,"minecraft:salmon":3,"minecraft:leather":1,"minecraft:oak_stairs":1,"minecraft:birch_planks":3,"minecraft:flint":21,"minecraft:oak_log":5,"minecraft:dirt":7,"minecraft:red_bed":5,"minecraft:iron_shovel":1,"minecraft:leather_boots":1,"minecraft:bone":4,"minecraft:cyan_carpet":5,"minecraft:apple":5,"minecraft:bow":1,"minecraft:wheat_seeds":2,"minecraft:stone_pickaxe":1,"minecraft:beef":3,"minecraft:iron_ingot":1,"minecraft:fletching_table":1,"minecraft:sugar_cane":102,"minecraft:oak_planks":1,"immersive_weathering:tallow":17,"minecraft:egg":16,"minecraft:furnace":2,"minecraft:book":78,"minecraft:stick":3,"minecraft:raw_iron":3,"minecraft:torch":7,"minecraft:axolotl_bucket":1,"minecraft:gravel":65,"minecraft:porkchop":13,"minecraft:sand":1,"minecraft:slime_ball":5,"minecraft:bundle":1,"minecraft:stone_axe":1,"minecraft:arrow":15,"minecraft:rotten_flesh":2,"minecraft:writable_book":1,"minecraft:mangrove_roots":1,"minecraft:oak_sapling":4,"minecraft:mangrove_propagule":12,"minecraft:mutton":1,"minecraft:coal":190,"minecraft:white_wool":1,"minecraft:cobblestone":97,"minecraft:ender_pearl":2},"minecraft:custom":{"minecraft:interact_with_furnace":9,"minecraft:mob_kills":15,"minecraft:interact_with_crafting_table":19,"minecraft:open_barrel":5,"minecraft:leave_game":1,"minecraft:time_since_death":2232,"minecraft:sleep_in_bed":6,"minecraft:climb_one_cm":2693,"minecraft:time_since_rest":1331,"minecraft:sprint_one_cm":106659,"minecraft:damage_taken":622,"minecraft:walk_one_cm":276785,"minecraft:drop":15,"minecraft:damage_dealt":1984,"minecraft:talked_to_villager":5,"minecraft:swim_one_cm":23975,"minecraft:fly_one_cm":180405,"minecraft:open_chest":18,"minecraft:crouch_one_cm":8158,"minecraft:play_time":75286,"minecraft:deaths":1,"minecraft:boat_one_cm":6531,"minecraft:sneak_time":4035,"minecraft:walk_under_water_one_cm":15525,"minecraft:jump":1036,"minecraft:walk_on_water_one_cm":6996,"minecraft:total_world_time":75286,"minecraft:interact_with_smoker":10,"minecraft:fall_one_cm":20261,"minecraft:horse_one_cm":268},"minecraft:broken":{"minecraft:stone_pickaxe":1}},"DataVersion":3465}