{"stats":{"minecraft:mined":{"minecraft:grass":1,"treechop:chopped_log":1},"minecraft:custom":{"minecraft:jump":20,"minecraft:time_since_rest":5855,"minecraft:sprint_one_cm":1141,"minecraft:play_time":5855,"minecraft:damage_taken":20,"minecraft:time_since_death":5855,"minecraft:walk_one_cm":14807,"minecraft:total_world_time":5855,"minecraft:interact_with_crafting_table":3,"minecraft:fall_one_cm":804,"minecraft:fly_one_cm":2258},"minecraft:picked_up":{"minecraft:stick":1,"minecraft:oak_log":5,"minecraft:oak_sapling":2}},"DataVersion":3465}