{"stats":{"minecraft:mined":{"treechop:chopped_log":1,"minecraft:crafting_table":2,"minecraft:grass":1,"minecraft:coal_ore":32,"minecraft:oak_stairs":1,"minecraft:cyan_carpet":5,"minecraft:dirt":5,"minecraft:cobblestone":4,"minecraft:stone":23,"minecraft:oak_planks":1,"minecraft:mangrove_propagule":2},"minecraft:used":{"minecraft:oak_stairs":1,"minecraft:stone_pickaxe":48,"minecraft:cyan_carpet":5,"minecraft:oak_planks":1,"minecraft:wooden_pickaxe":11,"minecraft:stone_axe":8,"minecraft:dirt":5,"minecraft:cobblestone":4,"minecraft:crafting_table":2,"minecraft:cooked_porkchop":2},"minecraft:custom":{"minecraft:time_since_rest":2730,"minecraft:sprint_one_cm":12119,"minecraft:damage_taken":20,"minecraft:walk_one_cm":67300,"minecraft:mob_kills":3,"minecraft:damage_dealt":280,"minecraft:interact_with_crafting_table":8,"minecraft:fly_one_cm":15674,"minecraft:open_chest":4,"minecraft:crouch_one_cm":701,"minecraft:play_time":17855,"minecraft:sneak_time":390,"minecraft:jump":150,"minecraft:time_since_death":17855,"minecraft:sleep_in_bed":1,"minecraft:interact_with_smoker":6,"minecraft:total_world_time":17855,"minecraft:fall_one_cm":3223},"minecraft:crafted":{"minecraft:oak_planks":20,"minecraft:cooked_porkchop":5,"minecraft:crafting_table":1,"minecraft:stick":8,"minecraft:wooden_pickaxe":1,"minecraft:stone_pickaxe":1,"minecraft:torch":4,"minecraft:stone_axe":1,"minecraft:air":0},"minecraft:picked_up":{"minecraft:stick":1,"minecraft:crafting_table":2,"minecraft:oak_stairs":1,"minecraft:porkchop":5,"minecraft:oak_log":5,"minecraft:dirt":5,"minecraft:cyan_carpet":5,"minecraft:oak_sapling":2,"minecraft:oak_planks":1,"minecraft:mutton":1,"minecraft:coal":32,"minecraft:mangrove_propagule":2,"immersive_weathering:tallow":2,"minecraft:white_wool":1,"minecraft:cobblestone":27,"minecraft:egg":2},"minecraft:killed":{"minecraft:sheep":2,"minecraft:pig":4}},"DataVersion":3465}