{"stats":{"minecraft:dropped":{"minecraft:torch":5,"minecraft:rotten_flesh":1,"minecraft:cobblestone":3,"minecraft:white_wool":1},"minecraft:mined":{"minecraft:red_bed":2,"minecraft:gray_bed":1,"minecraft:mangrove_roots":1,"treechop:chopped_log":1,"minecraft:crafting_table":2,"immersive_weathering:grassy_silt":1,"minecraft:grass":2,"minecraft:grass_block":1,"minecraft:bookshelf":5,"minecraft:coal_ore":98,"minecraft:oak_stairs":1,"minecraft:cyan_carpet":5,"minecraft:dirt":5,"minecraft:cobblestone":4,"minecraft:stone":29,"minecraft:oak_planks":1,"minecraft:mangrove_propagule":3},"minecraft:used":{"minecraft:oak_stairs":1,"minecraft:stone_pickaxe":120,"minecraft:cyan_carpet":5,"minecraft:oak_planks":1,"minecraft:wooden_pickaxe":11,"minecraft:leather_boots":1,"minecraft:stone_axe":26,"minecraft:dirt":5,"minecraft:cobblestone":4,"minecraft:mangrove_roots":1,"minecraft:crafting_table":2,"minecraft:red_bed":1,"minecraft:cooked_porkchop":4},"minecraft:custom":{"minecraft:time_since_rest":12913,"minecraft:sprint_one_cm":48984,"minecraft:damage_taken":214,"minecraft:walk_one_cm":164032,"minecraft:mob_kills":6,"minecraft:drop":10,"minecraft:damage_dealt":1080,"minecraft:talked_to_villager":1,"minecraft:interact_with_crafting_table":8,"minecraft:fly_one_cm":75455,"minecraft:open_barrel":2,"minecraft:open_chest":12,"minecraft:crouch_one_cm":4174,"minecraft:play_time":41855,"minecraft:walk_under_water_one_cm":652,"minecraft:sneak_time":2302,"minecraft:jump":478,"minecraft:walk_on_water_one_cm":282,"minecraft:time_since_death":41855,"minecraft:climb_one_cm":2321,"minecraft:sleep_in_bed":3,"minecraft:interact_with_smoker":6,"minecraft:total_world_time":41855,"minecraft:fall_one_cm":8628},"minecraft:crafted":{"minecraft:oak_planks":20,"minecraft:cooked_porkchop":5,"minecraft:crafting_table":1,"minecraft:stick":8,"minecraft:wooden_pickaxe":1,"minecraft:stone_pickaxe":1,"minecraft:torch":12,"minecraft:stone_axe":1,"minecraft:air":0},"minecraft:picked_up":{"minecraft:book":15,"minecraft:stick":1,"minecraft:crafting_table":2,"minecraft:leather":1,"minecraft:oak_stairs":1,"minecraft:porkchop":5,"minecraft:oak_log":5,"minecraft:red_bed":2,"minecraft:dirt":5,"minecraft:leather_boots":1,"minecraft:cyan_carpet":5,"minecraft:rotten_flesh":1,"minecraft:beef":3,"minecraft:mangrove_roots":1,"minecraft:ender_pearl":1,"minecraft:oak_sapling":2,"minecraft:oak_planks":1,"minecraft:mutton":1,"minecraft:coal":98,"minecraft:mangrove_propagule":3,"immersive_weathering:tallow":2,"minecraft:white_wool":1,"minecraft:cobblestone":33,"minecraft:egg":7},"minecraft:killed":{"minecraft:sheep":2,"minecraft:zombie":2,"minecraft:pig":4,"endermanoverhaul:swamp_enderman":2,"minecraft:cow":2}},"DataVersion":3465}