{"stats":{"minecraft:mined":{"minecraft:grass":5,"minecraft:oak_log":2,"minecraft:mangrove_log":2,"minecraft:tall_grass":7,"treechop:chopped_log":1,"minecraft:mangrove_leaves":6,"immersive_weathering:oak_leaf_pile":1},"minecraft:used":{"minecraft:wooden_axe":6,"variantcraftingtables:mangrove_crafting_table":1},"minecraft:custom":{"minecraft:time_since_rest":5853,"minecraft:play_time":5853,"minecraft:sprint_one_cm":3717,"minecraft:damage_taken":30,"minecraft:walk_one_cm":12099,"minecraft:mob_kills":1,"minecraft:jump":19,"minecraft:damage_dealt":90,"minecraft:time_since_death":5853,"minecraft:total_world_time":5853,"minecraft:climb_one_cm":260,"minecraft:interact_with_crafting_table":3,"minecraft:fall_one_cm":1847,"minecraft:fly_one_cm":1050},"minecraft:crafted":{"minecraft:oak_planks":8,"minecraft:mangrove_planks":4,"variantcraftingtables:mangrove_crafting_table":1,"minecraft:wooden_axe":1},"minecraft:picked_up":{"minecraft:stick":2,"minecraft:wheat_seeds":1,"minecraft:oak_log":12,"minecraft:oak_sapling":4,"minecraft:mutton":2,"minecraft:mangrove_log":2,"minecraft:white_wool":1},"minecraft:killed":{"minecraft:sheep":2}},"DataVersion":3465}