{"stats":{"minecraft:mined":{"minecraft:birch_log":2,"treechop:chopped_log":2,"minecraft:mangrove_leaves":6,"minecraft:grass":5,"minecraft:grass_block":4,"minecraft:oak_log":2,"minecraft:dirt":3,"minecraft:mangrove_log":2,"minecraft:tall_grass":8,"variantcraftingtables:mangrove_crafting_table":1,"immersive_weathering:oak_leaf_pile":2},"minecraft:used":{"minecraft:wooden_axe":21,"variantcraftingtables:mangrove_crafting_table":1,"minecraft:dirt":7,"minecraft:cooked_beef":2},"minecraft:custom":{"minecraft:time_since_rest":2730,"minecraft:sprint_one_cm":21559,"minecraft:damage_taken":40,"minecraft:walk_one_cm":43150,"minecraft:mob_kills":4,"minecraft:damage_dealt":350,"minecraft:interact_with_cartography_table":1,"minecraft:interact_with_crafting_table":3,"minecraft:fly_one_cm":7945,"minecraft:open_chest":1,"minecraft:play_time":17853,"minecraft:jump":95,"minecraft:time_since_death":17853,"minecraft:interact_with_smoker":4,"minecraft:sleep_in_bed":1,"minecraft:climb_one_cm":525,"minecraft:total_world_time":17853,"minecraft:fall_one_cm":4076},"minecraft:picked_up":{"minecraft:birch_log":7,"minecraft:stick":2,"minecraft:leather":1,"variantcraftingtables:mangrove_crafting_table":1,"minecraft:oak_log":13,"minecraft:dirt":7,"minecraft:wheat_seeds":1,"minecraft:beef":2,"minecraft:light_gray_wool":1,"minecraft:oak_sapling":4,"minecraft:black_wool":1,"minecraft:mutton":5,"minecraft:birch_sapling":2,"minecraft:white_wool":1,"minecraft:mangrove_log":2,"minecraft:egg":1},"minecraft:crafted":{"minecraft:cooked_beef":2,"minecraft:oak_planks":8,"minecraft:stick":4,"minecraft:wooden_axe":1,"minecraft:mangrove_planks":4,"variantcraftingtables:mangrove_crafting_table":1},"minecraft:killed":{"minecraft:sheep":6,"minecraft:cow":2}},"DataVersion":3465}