{"stats":{"minecraft:killed":{"minecraft:witch":2,"minecraft:spider":4,"minecraft:skeleton":10,"minecraft:bee":4,"minecraft:chicken":14,"minecraft:pig":2,"minecraft:creeper":4,"minecraft:sheep":8,"minecraft:pillager":24,"minecraft:zombie":12,"minecraft:cow":2,"minecraft:vex":4,"minecraft:vindicator":6,"minecraft:drowned":2,"minecraft:husk":2,"minecraft:ravager":2,"minecraft:player":2,"minecraft:villager":2,"minecraft:enderman":2},"minecraft:crafted":{"immersive_aircraft:engine":2,"minecraft:smooth_stone":73,"minecraft:oak_planks":536,"minecraft:cobblestone_slab":24,"minecraft:cooked_chicken":6,"minecraft:cobblestone_stairs":24,"minecraft:stone":127,"minecraft:cooked_mutton":6,"minecraft:glass":76,"minecraft:iron_boots":1,"immersive_aircraft:hull":6,"minecraft:chest":2,"minecraft:stone_hoe":1,"variantcraftingtables:mangrove_crafting_table":1,"minecraft:oak_slab":18,"minecraft:crafting_table":4,"minecraft:iron_helmet":1,"minecraft:copper_ingot":22,"immersive_aircraft:propeller":2,"betterarcheology:bomb":4,"minecraft:iron_chestplate":1,"minecraft:charcoal":6,"minecraft:shield":1,"minecraft:stick":60,"minecraft:iron_ingot":95,"minecraft:iron_pickaxe":1,"minecraft:gray_carpet":9,"minecraft:shears":1,"minecraft:smooth_stone_slab":72,"minecraft:iron_nugget":36,"minecraft:furnace":7,"immersive_aircraft:biplane":2,"minecraft:blast_furnace":2,"minecraft:piston":4,"minecraft:bone_meal":18,"minecraft:glass_pane":192,"minecraft:iron_axe":1,"minecraft:ladder":15,"minecraft:stone_pickaxe":1,"minecraft:cooked_beef":2,"minecraft:crossbow":1,"immersive_aircraft:boiler":2,"minecraft:iron_sword":1,"minecraft:mangrove_planks":8,"minecraft:bucket":1,"minecraft:stone_axe":2,"minecraft:bread":10,"another_furniture:black_lamp":3,"minecraft:wooden_axe":1,"minecraft:oak_stairs":32,"minecraft:iron_shovel":1,"minecraft:iron_leggings":1,"minecraft:stonecutter":1,"minecraft:torch":76,"minecraft:firework_rocket":15},"minecraft:picked_up":{"minecraft:iron_chestplate":1,"minecraft:wheat":115,"artifacts:umbrella":2,"minecraft:oak_stairs":11,"minecraft:cooked_salmon":4,"minecraft:smooth_stone_slab":1,"minecraft:iron_leggings":2,"minecraft:cobbled_deepslate":1,"minecraft:gold_nugget":27,"minecraft:smooth_stone":8,"minecraft:bucket":2,"minecraft:rose_bush":1,"minecraft:mangrove_log":2,"minecraft:iron_boots":1,"minecraft:furnace":3,"minecraft:stick":71,"minecraft:torch":46,"minecraft:green_bed":3,"minecraft:green_banner":1,"minecraft:rotten_flesh":11,"supplementaries:ash":13,"minecraft:cobblestone":492,"minecraft:birch_log":8,"minecraft:feather":4,"immersive_weathering:sandy_dirt":20,"minecraft:potato":2,"minecraft:lapis_lazuli":13,"minecraft:dirt":172,"minecraft:lantern":2,"minecraft:bone":19,"minecraft:glass":2,"immersive_weathering:weeds":18,"minecraft:bow":3,"minecraft:wheat_seeds":378,"minecraft:honeycomb":3,"minecraft:oak_planks":254,"overweight_farming:overweight_potato_block":4,"betterarcheology:artifact_shards":1,"minecraft:sand":371,"minecraft:chiseled_sandstone":1,"minecraft:mossy_cobblestone":3,"minecraft:bundle":4,"minecraft:diamond":2,"minecraft:crossbow":2,"minecraft:bone_meal":2,"minecraft:grass":4,"minecraft:bread":5,"minecraft:emerald":8,"minecraft:oak_sapling":55,"minecraft:oak_leaves":847,"minecraft:crafting_table":6,"minecraft:azure_bluet":2,"minecraft:chicken":6,"minecraft:ladder":11,"minecraft:shield":3,"minecraft:cornflower":1,"minecraft:iron_axe":1,"minecraft:moss_carpet":1,"minecraft:compass":3,"minecraft:iron_shovel":1,"minecraft:glass_pane":5,"minecraft:beef":2,"minecraft:poppy":2,"minecraft:light_gray_wool":1,"minecraft:birch_sapling":4,"minecraft:spruce_trapdoor":1,"minecraft:egg":9,"minecraft:raw_iron":125,"minecraft:stone":3,"minecraft:copper_ingot":15,"minecraft:spruce_fence":1,"minecraft:cookie":4,"minecraft:redstone":44,"minecraft:arrow":53,"minecraft:beetroot_seeds":9,"minecraft:pumpkin_pie":1,"minecraft:shears":2,"minecraft:hay_block":1,"minecraft:totem_of_undying":1,"minecraft:glow_berries":1,"minecraft:mutton":5,"minecraft:white_wool":4,"minecraft:oxeye_daisy":1,"minecraft:birch_leaves":1,"minecraft:leather":1,"minecraft:oak_log":549,"immersive_weathering:ivy":68,"naturalist:cooked_egg":67,"minecraft:gunpowder":12,"minecraft:cobblestone_stairs":6,"minecraft:white_banner":2,"minecraft:apple":8,"minecraft:gray_carpet":1,"minecraft:iron_ingot":8,"minecraft:stone_pickaxe":5,"minecraft:cooked_chicken":5,"minecraft:gray_bed":5,"minecraft:iron_sword":1,"minecraft:flowering_azalea":1,"minecraft:oak_slab":21,"minecraft:dandelion":8,"minecraft:spyglass":1,"variantcraftingtables:mangrove_crafting_table":2,"minecraft:spider_eye":1,"minecraft:stone_axe":1,"minecraft:iron_helmet":1,"minecraft:gray_wool":22,"minecraft:baked_potato":4,"minecraft:melon_seeds":2,"minecraft:black_wool":2,"minecraft:mangrove_propagule":1,"minecraft:coal":139},"minecraft:dropped":{"minecraft:oak_log":105,"minecraft:diamond":1,"minecraft:crafting_table":1,"immersive_aircraft:biplane":1,"minecraft:honeycomb":3,"minecraft:dirt":48,"minecraft:grass":2,"overweight_farming:overweight_potato_block":4,"minecraft:gold_nugget":9,"minecraft:sand":101,"minecraft:birch_log":7,"minecraft:compass":2,"immersive_weathering:sandy_dirt":10,"minecraft:wheat":2,"minecraft:birch_sapling":2,"minecraft:rotten_flesh":10,"minecraft:oak_planks":186,"minecraft:poppy":1,"minecraft:beetroot_seeds":9,"minecraft:leather_boots":1,"minecraft:glass":2,"minecraft:oak_leaves":332,"minecraft:firework_rocket":8,"minecraft:iron_ingot":2,"minecraft:bread":6,"minecraft:oak_slab":14,"minecraft:wheat_seeds":11,"minecraft:mossy_cobblestone":1,"minecraft:feather":4,"minecraft:mangrove_propagule":1,"minecraft:apple":5,"minecraft:coal":5,"betterarcheology:bomb":2,"minecraft:gray_wool":15,"minecraft:rose_bush":1,"minecraft:iron_leggings":1,"minecraft:cactus":1,"minecraft:bucket":2,"minecraft:dandelion":7,"immersive_weathering:weeds":18,"minecraft:glass_pane":5,"minecraft:cobblestone_slab":6,"minecraft:shield":2,"minecraft:bundle":3,"minecraft:oak_sapling":20,"minecraft:bow":1,"minecraft:stone_pickaxe":2,"minecraft:cooked_rabbit":3},"minecraft:broken":{"minecraft:iron_shovel":1,"minecraft:shears":3,"minecraft:stone_pickaxe":3,"minecraft:stone_axe":1,"minecraft:iron_axe":1,"minecraft:golden_pickaxe":1},"minecraft:mined":{"minecraft:cobblestone_stairs":3,"minecraft:spruce_trapdoor":1,"minecraft:grass_block":64,"minecraft:oxeye_daisy":1,"minecraft:green_wall_banner":1,"minecraft:smooth_stone":4,"minecraft:iron_ore":46,"immersive_weathering:mossy_stone":2,"minecraft:fire":2,"minecraft:moss_carpet":1,"minecraft:azure_bluet":2,"minecraft:cave_vines":2,"minecraft:flowering_azalea_leaves":1,"minecraft:oak_stairs":11,"betterarcheology:loot_vase":3,"minecraft:white_banner":1,"minecraft:green_bed":3,"immersive_weathering:oak_leaf_pile":16,"minecraft:torch":1,"minecraft:poppy":1,"minecraft:dead_bush":1,"minecraft:cobblestone":6,"minecraft:oak_planks":55,"minecraft:wall_torch":6,"minecraft:birch_log":3,"minecraft:wheat":133,"minecraft:smooth_stone_slab":1,"minecraft:grass":481,"minecraft:oak_log":32,"minecraft:sand":374,"minecraft:dirt":58,"minecraft:mangrove_log":2,"immersive_weathering:weeds":11,"minecraft:oak_leaves":646,"minecraft:mangrove_roots":2,"minecraft:ladder":11,"immersive_weathering:birch_leaf_pile":2,"minecraft:spruce_fence":1,"minecraft:mangrove_propagule":1,"minecraft:large_fern":4,"minecraft:chiseled_sandstone":2,"treechop:chopped_log":38,"minecraft:vine":1,"minecraft:lantern":2,"immersive_weathering:grassy_sandy_dirt":4,"immersive_weathering:ivy":73,"minecraft:stone":468,"minecraft:white_wool":1,"minecraft:oak_slab":4,"minecraft:glass_pane":13,"minecraft:dandelion":4,"minecraft:crafting_table":5,"minecraft:cornflower":1,"minecraft:rose_bush":1,"minecraft:tall_grass":104,"variantcraftingtables:mangrove_crafting_table":2,"supplementaries:urn":6,"minecraft:coarse_dirt":1,"minecraft:cobblestone_wall":3,"betterarcheology:loot_vase_creeper":5,"minecraft:gray_bed":4,"minecraft:birch_leaves":22,"minecraft:bee_nest":1,"minecraft:mangrove_leaves":9,"minecraft:white_wall_banner":1,"minecraft:coal_ore":67,"minecraft:fern":4},"minecraft:killed_by":{"minecraft:enderman":1},"minecraft:used":{"minecraft:moss_carpet":1,"minecraft:iron_shovel":478,"minecraft:ladder":11,"minecraft:chest":2,"minecraft:shield":51,"minecraft:iron_sword":157,"immersive_weathering:ivy":68,"minecraft:iron_chestplate":2,"minecraft:glass":2,"minecraft:lantern":2,"minecraft:iron_helmet":2,"minecraft:bow":46,"minecraft:furnace":5,"minecraft:oak_sapling":13,"minecraft:gray_bed":5,"minecraft:egg":17,"immersive_aircraft:biplane":1,"naturalist:cooked_egg":24,"minecraft:gray_carpet":10,"minecraft:stone_pickaxe":505,"minecraft:oak_planks":465,"minecraft:oak_leaves":453,"minecraft:cookie":4,"minecraft:white_wool":3,"minecraft:glow_berries":1,"minecraft:sand":91,"minecraft:crossbow":2,"minecraft:shears":637,"minecraft:bread":89,"minecraft:smooth_stone_slab":73,"minecraft:bone_meal":20,"minecraft:golden_pickaxe":32,"minecraft:experience_bottle":3,"minecraft:cooked_salmon":4,"minecraft:stone_hoe":71,"minecraft:cooked_chicken":11,"another_furniture:black_lamp":3,"minecraft:torch":105,"minecraft:dirt":53,"minecraft:wooden_axe":44,"minecraft:iron_axe":493,"minecraft:oak_stairs":37,"minecraft:iron_boots":1,"minecraft:totem_of_undying":2,"variantcraftingtables:mangrove_crafting_table":3,"minecraft:cooked_beef":2,"minecraft:iron_leggings":2,"minecraft:wheat_seeds":203,"minecraft:cooked_mutton":6,"minecraft:water_bucket":16,"minecraft:cobblestone_stairs":29,"minecraft:baked_potato":4,"minecraft:stonecutter":1,"minecraft:green_bed":3,"minecraft:cobblestone_slab":12,"minecraft:oak_slab":9,"minecraft:crafting_table":8,"minecraft:oak_log":177,"minecraft:apple":3,"minecraft:oxeye_daisy":1,"minecraft:iron_pickaxe":96,"minecraft:stone_axe":145,"minecraft:cobblestone":103,"minecraft:bucket":16,"minecraft:glass_pane":187,"minecraft:dandelion":1,"minecraft:smooth_stone":32},"minecraft:custom":{"minecraft:animals_bred":14,"minecraft:interact_with_crafting_table":98,"minecraft:open_barrel":15,"minecraft:bell_ring":9,"minecraft:leave_game":12,"minecraft:time_since_death":532568,"minecraft:sprint_one_cm":1461891,"minecraft:damage_blocked_by_shield":2620,"minecraft:drop":91,"minecraft:talked_to_villager":12,"minecraft:play_time":759908,"minecraft:deaths":1,"minecraft:jump":4830,"minecraft:walk_on_water_one_cm":42998,"minecraft:interact_with_furnace":68,"minecraft:interact_with_cartography_table":1,"minecraft:sleep_in_bed":41,"minecraft:damage_dealt":7766,"minecraft:player_kills":1,"minecraft:crouch_one_cm":62330,"minecraft:interact_with_smoker":7,"minecraft:horse_one_cm":16,"minecraft:interact_with_smithing_table":1,"minecraft:mob_kills":55,"minecraft:inspect_hopper":2,"minecraft:climb_one_cm":85448,"minecraft:walk_one_cm":2210585,"minecraft:sneak_time":30178,"minecraft:walk_under_water_one_cm":72138,"minecraft:boat_one_cm":22452,"minecraft:total_world_time":759908,"minecraft:interact_with_stonecutter":3,"minecraft:time_since_rest":11506,"minecraft:damage_taken":4731,"minecraft:swim_one_cm":40140,"minecraft:fly_one_cm":426513,"minecraft:open_chest":102,"minecraft:fall_one_cm":96049}},"DataVersion":3465}