{"stats":{"minecraft:killed_by":{"minecraft:enderman":1},"minecraft:dropped":{"minecraft:bread":3,"minecraft:iron_ingot":1,"minecraft:wheat_seeds":8,"minecraft:oak_log":11,"minecraft:mossy_cobblestone":1,"minecraft:diamond":1,"immersive_aircraft:biplane":1,"minecraft:mangrove_propagule":1,"minecraft:feather":4,"minecraft:coal":5,"betterarcheology:bomb":2,"minecraft:dirt":47,"minecraft:sand":101,"minecraft:bucket":2,"minecraft:birch_log":7,"minecraft:dandelion":6,"minecraft:poppy":1,"minecraft:cobblestone_slab":6,"minecraft:bundle":3,"minecraft:leather_boots":1,"minecraft:stone_pickaxe":1,"minecraft:firework_rocket":8},"minecraft:crafted":{"immersive_aircraft:engine":2,"minecraft:smooth_stone":9,"minecraft:oak_planks":28,"minecraft:cobblestone_slab":24,"minecraft:iron_nugget":36,"minecraft:cooked_chicken":6,"minecraft:furnace":5,"minecraft:blast_furnace":2,"immersive_aircraft:biplane":2,"minecraft:piston":4,"minecraft:stone":63,"minecraft:cobblestone_stairs":24,"minecraft:bone_meal":18,"minecraft:cooked_mutton":6,"minecraft:glass":2,"minecraft:iron_boots":1,"minecraft:iron_axe":1,"immersive_aircraft:hull":6,"minecraft:stone_pickaxe":1,"minecraft:stone_hoe":1,"variantcraftingtables:mangrove_crafting_table":1,"minecraft:cooked_beef":2,"immersive_aircraft:boiler":2,"minecraft:crafting_table":2,"minecraft:iron_helmet":1,"minecraft:iron_sword":1,"minecraft:copper_ingot":22,"minecraft:mangrove_planks":8,"minecraft:stone_axe":1,"immersive_aircraft:propeller":2,"minecraft:bread":10,"betterarcheology:bomb":4,"minecraft:iron_chestplate":1,"minecraft:stick":12,"minecraft:iron_ingot":90,"minecraft:iron_pickaxe":1,"minecraft:wooden_axe":1,"minecraft:iron_shovel":1,"minecraft:iron_leggings":1,"minecraft:stonecutter":1,"minecraft:gray_carpet":9,"minecraft:torch":52,"minecraft:shears":1,"minecraft:firework_rocket":15},"minecraft:used":{"minecraft:iron_shovel":347,"minecraft:shield":25,"minecraft:iron_sword":6,"minecraft:cooked_salmon":4,"minecraft:stone_hoe":71,"minecraft:cooked_chicken":11,"minecraft:iron_chestplate":1,"minecraft:torch":97,"minecraft:dirt":49,"minecraft:glass":2,"minecraft:wooden_axe":44,"minecraft:iron_axe":255,"minecraft:iron_helmet":1,"minecraft:iron_boots":1,"variantcraftingtables:mangrove_crafting_table":3,"minecraft:bow":12,"minecraft:furnace":3,"minecraft:gray_bed":5,"minecraft:egg":17,"immersive_aircraft:biplane":1,"minecraft:cooked_beef":2,"minecraft:iron_leggings":1,"minecraft:wheat_seeds":133,"minecraft:cooked_mutton":6,"minecraft:water_bucket":16,"minecraft:cobblestone_stairs":29,"minecraft:gray_carpet":10,"minecraft:stone_pickaxe":505,"minecraft:baked_potato":4,"minecraft:stonecutter":1,"minecraft:cobblestone_slab":12,"minecraft:cookie":4,"minecraft:white_wool":1,"minecraft:glow_berries":1,"minecraft:sand":91,"minecraft:crafting_table":4,"minecraft:apple":2,"minecraft:bread":11,"minecraft:stone_axe":109,"minecraft:cobblestone":89,"minecraft:bucket":15,"minecraft:bone_meal":18,"minecraft:golden_pickaxe":32},"minecraft:killed":{"minecraft:skeleton":6,"minecraft:chicken":12,"minecraft:creeper":2,"minecraft:sheep":6,"minecraft:zombie":2,"minecraft:villager":2,"minecraft:enderman":2,"minecraft:cow":2},"minecraft:mined":{"minecraft:cobblestone_stairs":3,"minecraft:grass_block":64,"minecraft:mangrove_propagule":1,"minecraft:large_fern":3,"minecraft:iron_ore":37,"immersive_weathering:mossy_stone":2,"treechop:chopped_log":9,"minecraft:azure_bluet":2,"minecraft:cave_vines":2,"minecraft:flowering_azalea_leaves":1,"immersive_weathering:ivy":2,"minecraft:stone":432,"minecraft:white_wool":1,"immersive_weathering:oak_leaf_pile":10,"minecraft:dandelion":3,"minecraft:crafting_table":4,"minecraft:cornflower":1,"minecraft:torch":1,"minecraft:poppy":1,"minecraft:cobblestone":6,"minecraft:tall_grass":98,"variantcraftingtables:mangrove_crafting_table":2,"minecraft:wall_torch":5,"supplementaries:urn":6,"minecraft:cobblestone_wall":3,"minecraft:birch_log":2,"minecraft:wheat":74,"minecraft:gray_bed":4,"minecraft:mangrove_leaves":6,"minecraft:white_wall_banner":1,"minecraft:grass":454,"minecraft:oak_log":5,"minecraft:coal_ore":28,"minecraft:sand":263,"minecraft:dirt":54,"minecraft:mangrove_log":2,"minecraft:fern":4},"minecraft:picked_up":{"minecraft:iron_chestplate":1,"minecraft:crafting_table":4,"minecraft:wheat":42,"minecraft:azure_bluet":2,"minecraft:chicken":6,"artifacts:umbrella":2,"minecraft:shield":2,"minecraft:cornflower":1,"minecraft:iron_axe":1,"minecraft:cooked_salmon":4,"minecraft:iron_leggings":1,"minecraft:compass":1,"minecraft:iron_shovel":1,"minecraft:gold_nugget":9,"minecraft:smooth_stone":4,"minecraft:bucket":2,"minecraft:beef":2,"minecraft:poppy":1,"minecraft:light_gray_wool":1,"minecraft:birch_sapling":2,"minecraft:mangrove_log":2,"minecraft:iron_boots":1,"minecraft:egg":9,"minecraft:furnace":3,"minecraft:raw_iron":116,"minecraft:stick":33,"minecraft:stone":3,"minecraft:copper_ingot":15,"minecraft:torch":45,"minecraft:cookie":4,"minecraft:redstone":44,"minecraft:arrow":36,"minecraft:rotten_flesh":1,"minecraft:hay_block":1,"supplementaries:ash":13,"minecraft:glow_berries":1,"minecraft:mutton":5,"minecraft:white_wool":4,"minecraft:cobblestone":456,"minecraft:birch_log":7,"minecraft:feather":4,"minecraft:leather":1,"minecraft:oak_log":148,"minecraft:gunpowder":10,"minecraft:cobblestone_stairs":6,"minecraft:dirt":167,"minecraft:white_banner":1,"minecraft:bone":16,"minecraft:apple":2,"minecraft:gray_carpet":1,"minecraft:bow":2,"minecraft:wheat_seeds":223,"minecraft:iron_ingot":8,"minecraft:stone_pickaxe":5,"minecraft:cooked_chicken":5,"minecraft:gray_bed":5,"minecraft:iron_sword":1,"minecraft:spyglass":1,"minecraft:dandelion":6,"variantcraftingtables:mangrove_crafting_table":2,"minecraft:sand":256,"minecraft:mossy_cobblestone":3,"minecraft:bundle":4,"minecraft:diamond":1,"minecraft:stone_axe":1,"minecraft:iron_helmet":1,"minecraft:gray_wool":7,"minecraft:bread":2,"minecraft:baked_potato":4,"minecraft:oak_sapling":22,"minecraft:black_wool":2,"minecraft:coal":100,"minecraft:mangrove_propagule":1},"minecraft:broken":{"minecraft:iron_shovel":1,"minecraft:stone_pickaxe":3,"minecraft:golden_pickaxe":1},"minecraft:custom":{"minecraft:interact_with_smithing_table":1,"minecraft:mob_kills":17,"minecraft:animals_bred":14,"minecraft:interact_with_crafting_table":56,"minecraft:open_barrel":1,"minecraft:leave_game":1,"minecraft:time_since_death":57170,"minecraft:climb_one_cm":4248,"minecraft:sprint_one_cm":546812,"minecraft:walk_one_cm":1048475,"minecraft:damage_blocked_by_shield":1480,"minecraft:drop":37,"minecraft:talked_to_villager":9,"minecraft:play_time":284510,"minecraft:deaths":1,"minecraft:sneak_time":8062,"minecraft:walk_under_water_one_cm":54929,"minecraft:jump":1730,"minecraft:walk_on_water_one_cm":27944,"minecraft:total_world_time":284510,"minecraft:interact_with_furnace":44,"minecraft:interact_with_cartography_table":1,"minecraft:interact_with_stonecutter":3,"minecraft:sleep_in_bed":12,"minecraft:time_since_rest":4754,"minecraft:damage_taken":1321,"minecraft:damage_dealt":1828,"minecraft:swim_one_cm":15164,"minecraft:fly_one_cm":122430,"minecraft:open_chest":49,"minecraft:crouch_one_cm":8597,"minecraft:interact_with_smoker":6,"minecraft:fall_one_cm":25142}},"DataVersion":3465}