{"stats":{"minecraft:dropped":{"minecraft:iron_ingot":1,"minecraft:oak_log":11,"minecraft:feather":4,"minecraft:leather_boots":1,"minecraft:stone_pickaxe":1,"minecraft:birch_log":7},"minecraft:crafted":{"minecraft:cooked_beef":2,"minecraft:oak_planks":8,"minecraft:cooked_chicken":3,"minecraft:furnace":1,"minecraft:cobblestone_stairs":8,"minecraft:mangrove_planks":8,"minecraft:stone_axe":1,"minecraft:cooked_mutton":6,"minecraft:stick":4,"minecraft:iron_ingot":1,"minecraft:stone_pickaxe":1,"minecraft:wooden_axe":1,"minecraft:torch":20,"variantcraftingtables:mangrove_crafting_table":1},"minecraft:used":{"minecraft:cooked_mutton":6,"minecraft:water_bucket":3,"minecraft:cobblestone_stairs":12,"minecraft:stone_pickaxe":203,"minecraft:cooked_chicken":3,"minecraft:white_wool":1,"minecraft:torch":14,"minecraft:dirt":7,"minecraft:wooden_axe":44,"minecraft:bread":1,"minecraft:stone_axe":11,"variantcraftingtables:mangrove_crafting_table":3,"minecraft:cobblestone":67,"minecraft:gray_bed":4,"minecraft:bucket":3,"minecraft:cooked_beef":2,"minecraft:golden_pickaxe":32},"minecraft:killed":{"minecraft:sheep":6,"minecraft:zombie":2,"minecraft:chicken":12,"minecraft:villager":2,"minecraft:cow":2},"minecraft:mined":{"minecraft:cobblestone_stairs":2,"minecraft:crafting_table":1,"minecraft:torch":1,"minecraft:grass_block":5,"minecraft:tall_grass":10,"minecraft:cobblestone":4,"variantcraftingtables:mangrove_crafting_table":2,"immersive_weathering:mossy_stone":1,"minecraft:birch_log":2,"minecraft:iron_ore":1,"minecraft:gray_bed":4,"treechop:chopped_log":2,"minecraft:mangrove_leaves":6,"minecraft:grass":17,"minecraft:coal_ore":10,"minecraft:oak_log":2,"minecraft:flowering_azalea_leaves":1,"minecraft:dirt":11,"minecraft:mangrove_log":2,"minecraft:stone":214,"minecraft:white_wool":1,"immersive_weathering:oak_leaf_pile":2},"minecraft:picked_up":{"minecraft:birch_log":7,"minecraft:feather":4,"minecraft:chicken":6,"minecraft:leather":1,"minecraft:oak_log":13,"minecraft:shield":1,"minecraft:cobblestone_stairs":4,"minecraft:dirt":18,"minecraft:bow":1,"minecraft:wheat_seeds":1,"minecraft:beef":2,"minecraft:stone_pickaxe":2,"minecraft:light_gray_wool":1,"minecraft:gray_bed":5,"minecraft:birch_sapling":2,"minecraft:mangrove_log":2,"minecraft:furnace":1,"minecraft:egg":4,"minecraft:stick":2,"minecraft:raw_iron":1,"minecraft:torch":6,"variantcraftingtables:mangrove_crafting_table":2,"minecraft:mossy_cobblestone":1,"minecraft:arrow":17,"minecraft:rotten_flesh":1,"minecraft:bread":1,"minecraft:oak_sapling":4,"minecraft:black_wool":1,"minecraft:mutton":5,"minecraft:coal":10,"minecraft:white_wool":2,"minecraft:cobblestone":205},"minecraft:custom":{"minecraft:interact_with_furnace":8,"minecraft:mob_kills":12,"minecraft:interact_with_crafting_table":9,"minecraft:interact_with_cartography_table":1,"minecraft:interact_with_stonecutter":1,"minecraft:leave_game":1,"minecraft:time_since_death":98510,"minecraft:sleep_in_bed":5,"minecraft:climb_one_cm":1349,"minecraft:time_since_rest":25331,"minecraft:sprint_one_cm":179435,"minecraft:damage_taken":388,"minecraft:walk_one_cm":306736,"minecraft:drop":7,"minecraft:damage_dealt":1016,"minecraft:swim_one_cm":15164,"minecraft:talked_to_villager":3,"minecraft:fly_one_cm":49095,"minecraft:open_chest":9,"minecraft:crouch_one_cm":3056,"minecraft:play_time":98510,"minecraft:sneak_time":3649,"minecraft:walk_under_water_one_cm":41470,"minecraft:jump":683,"minecraft:walk_on_water_one_cm":11029,"minecraft:total_world_time":98510,"minecraft:interact_with_smoker":6,"minecraft:fall_one_cm":12013},"minecraft:broken":{"minecraft:stone_pickaxe":1,"minecraft:golden_pickaxe":1}},"DataVersion":3465}