{"stats":{"minecraft:killed_by":{"minecraft:enderman":1},"minecraft:dropped":{"minecraft:iron_ingot":1,"minecraft:wheat_seeds":8,"minecraft:oak_log":11,"minecraft:mossy_cobblestone":1,"minecraft:diamond":1,"minecraft:mangrove_propagule":1,"minecraft:feather":4,"minecraft:coal":5,"minecraft:dirt":47,"minecraft:sand":101,"minecraft:birch_log":7,"minecraft:dandelion":6,"minecraft:poppy":1,"minecraft:cobblestone_slab":6,"minecraft:bundle":3,"minecraft:leather_boots":1,"minecraft:stone_pickaxe":1},"minecraft:crafted":{"immersive_aircraft:engine":1,"minecraft:smooth_stone":4,"minecraft:oak_planks":28,"minecraft:cobblestone_slab":24,"minecraft:cooked_chicken":6,"minecraft:furnace":4,"minecraft:blast_furnace":1,"immersive_aircraft:biplane":1,"minecraft:piston":2,"minecraft:stone":10,"minecraft:cobblestone_stairs":24,"minecraft:bone_meal":18,"minecraft:cooked_mutton":6,"minecraft:glass":2,"minecraft:iron_boots":1,"minecraft:iron_axe":1,"immersive_aircraft:hull":3,"minecraft:stone_pickaxe":1,"minecraft:stone_hoe":1,"variantcraftingtables:mangrove_crafting_table":1,"minecraft:cooked_beef":2,"immersive_aircraft:boiler":1,"minecraft:crafting_table":2,"minecraft:iron_helmet":1,"minecraft:iron_sword":1,"minecraft:copper_ingot":22,"minecraft:mangrove_planks":8,"minecraft:stone_axe":1,"immersive_aircraft:propeller":1,"minecraft:bread":2,"minecraft:iron_chestplate":1,"minecraft:stick":12,"minecraft:iron_ingot":59,"minecraft:wooden_axe":1,"minecraft:iron_leggings":1,"minecraft:stonecutter":1,"minecraft:torch":52},"minecraft:used":{"minecraft:iron_shovel":256,"minecraft:shield":25,"minecraft:iron_sword":6,"minecraft:cooked_salmon":4,"minecraft:stone_hoe":71,"minecraft:cooked_chicken":11,"minecraft:iron_chestplate":1,"minecraft:torch":97,"minecraft:dirt":49,"minecraft:glass":2,"minecraft:wooden_axe":44,"minecraft:iron_axe":255,"minecraft:iron_helmet":1,"minecraft:iron_boots":1,"variantcraftingtables:mangrove_crafting_table":3,"minecraft:bow":12,"minecraft:furnace":3,"minecraft:gray_bed":5,"minecraft:egg":13,"immersive_aircraft:biplane":1,"minecraft:cooked_beef":2,"minecraft:iron_leggings":1,"minecraft:wheat_seeds":84,"minecraft:cooked_mutton":6,"minecraft:water_bucket":16,"minecraft:cobblestone_stairs":29,"minecraft:stone_pickaxe":505,"minecraft:baked_potato":4,"minecraft:stonecutter":1,"minecraft:cobblestone_slab":12,"minecraft:cookie":4,"minecraft:white_wool":1,"minecraft:glow_berries":1,"minecraft:crafting_table":4,"minecraft:apple":2,"minecraft:bread":4,"minecraft:stone_axe":109,"minecraft:cobblestone":89,"minecraft:bucket":15,"minecraft:bone_meal":18,"minecraft:golden_pickaxe":32},"minecraft:killed":{"minecraft:skeleton":6,"minecraft:chicken":12,"minecraft:creeper":2,"minecraft:sheep":6,"minecraft:zombie":2,"minecraft:villager":2,"minecraft:enderman":2,"minecraft:cow":2},"minecraft:mined":{"minecraft:cobblestone_stairs":3,"minecraft:grass_block":64,"minecraft:mangrove_propagule":1,"minecraft:large_fern":3,"minecraft:iron_ore":37,"immersive_weathering:mossy_stone":2,"treechop:chopped_log":9,"minecraft:azure_bluet":2,"minecraft:cave_vines":2,"minecraft:flowering_azalea_leaves":1,"immersive_weathering:ivy":2,"minecraft:stone":432,"minecraft:white_wool":1,"immersive_weathering:oak_leaf_pile":10,"minecraft:dandelion":3,"minecraft:crafting_table":4,"minecraft:cornflower":1,"minecraft:torch":1,"minecraft:poppy":1,"minecraft:cobblestone":6,"minecraft:tall_grass":98,"variantcraftingtables:mangrove_crafting_table":2,"minecraft:wall_torch":5,"supplementaries:urn":6,"minecraft:cobblestone_wall":3,"minecraft:birch_log":2,"minecraft:wheat":15,"minecraft:gray_bed":4,"minecraft:mangrove_leaves":6,"minecraft:grass":454,"minecraft:oak_log":5,"minecraft:coal_ore":28,"minecraft:sand":171,"minecraft:dirt":54,"minecraft:mangrove_log":2,"minecraft:fern":4},"minecraft:picked_up":{"minecraft:iron_chestplate":1,"minecraft:crafting_table":4,"minecraft:wheat":14,"minecraft:azure_bluet":2,"minecraft:chicken":6,"artifacts:umbrella":2,"minecraft:shield":2,"minecraft:cornflower":1,"minecraft:iron_axe":1,"minecraft:cooked_salmon":4,"minecraft:iron_leggings":1,"minecraft:compass":1,"minecraft:iron_shovel":1,"minecraft:gold_nugget":9,"minecraft:smooth_stone":4,"minecraft:bucket":1,"minecraft:beef":2,"minecraft:poppy":1,"minecraft:light_gray_wool":1,"minecraft:birch_sapling":2,"minecraft:mangrove_log":2,"minecraft:iron_boots":1,"minecraft:egg":5,"minecraft:furnace":3,"minecraft:raw_iron":103,"minecraft:stick":33,"minecraft:stone":3,"minecraft:copper_ingot":15,"minecraft:torch":45,"minecraft:cookie":4,"minecraft:redstone":44,"minecraft:arrow":36,"minecraft:rotten_flesh":1,"supplementaries:ash":13,"minecraft:glow_berries":1,"minecraft:mutton":5,"minecraft:white_wool":2,"minecraft:cobblestone":456,"minecraft:birch_log":7,"minecraft:feather":4,"minecraft:leather":1,"minecraft:oak_log":148,"minecraft:gunpowder":1,"minecraft:cobblestone_stairs":6,"minecraft:dirt":167,"minecraft:bone":16,"minecraft:apple":2,"minecraft:bow":1,"minecraft:wheat_seeds":125,"minecraft:iron_ingot":8,"minecraft:stone_pickaxe":5,"minecraft:cooked_chicken":5,"minecraft:gray_bed":5,"minecraft:iron_sword":1,"minecraft:spyglass":1,"minecraft:dandelion":6,"variantcraftingtables:mangrove_crafting_table":2,"minecraft:sand":165,"minecraft:mossy_cobblestone":3,"minecraft:bundle":4,"minecraft:diamond":1,"minecraft:stone_axe":1,"minecraft:iron_helmet":1,"minecraft:bread":2,"minecraft:baked_potato":4,"minecraft:oak_sapling":22,"minecraft:black_wool":1,"minecraft:coal":89,"minecraft:mangrove_propagule":1},"minecraft:broken":{"minecraft:iron_shovel":1,"minecraft:stone_pickaxe":3,"minecraft:golden_pickaxe":1},"minecraft:custom":{"minecraft:interact_with_smithing_table":1,"minecraft:mob_kills":17,"minecraft:animals_bred":8,"minecraft:interact_with_crafting_table":40,"minecraft:open_barrel":1,"minecraft:leave_game":1,"minecraft:time_since_death":15170,"minecraft:climb_one_cm":2318,"minecraft:sprint_one_cm":500854,"minecraft:walk_one_cm":930578,"minecraft:damage_blocked_by_shield":1480,"minecraft:drop":31,"minecraft:talked_to_villager":8,"minecraft:play_time":242510,"minecraft:deaths":1,"minecraft:sneak_time":7691,"minecraft:walk_under_water_one_cm":54929,"minecraft:jump":1594,"minecraft:walk_on_water_one_cm":27826,"minecraft:total_world_time":242510,"minecraft:interact_with_furnace":36,"minecraft:interact_with_cartography_table":1,"minecraft:interact_with_stonecutter":3,"minecraft:sleep_in_bed":11,"minecraft:time_since_rest":3849,"minecraft:damage_taken":1221,"minecraft:damage_dealt":1828,"minecraft:swim_one_cm":15164,"minecraft:fly_one_cm":117238,"minecraft:open_chest":28,"minecraft:crouch_one_cm":8356,"minecraft:interact_with_smoker":6,"minecraft:fall_one_cm":22347}},"DataVersion":3465}