{"stats":{"minecraft:picked_up":{"minecraft:crafting_table":5,"minecraft:iron_chestplate":1,"minecraft:wheat":42,"minecraft:azure_bluet":2,"minecraft:chicken":6,"artifacts:umbrella":2,"minecraft:shield":2,"minecraft:cornflower":1,"minecraft:iron_axe":1,"minecraft:cooked_salmon":4,"minecraft:iron_leggings":1,"minecraft:compass":1,"minecraft:iron_shovel":1,"minecraft:gold_nugget":18,"minecraft:smooth_stone":4,"minecraft:bucket":2,"minecraft:beef":2,"minecraft:poppy":1,"minecraft:light_gray_wool":1,"minecraft:birch_sapling":4,"minecraft:furnace":3,"minecraft:spruce_trapdoor":1,"minecraft:mangrove_log":2,"minecraft:iron_boots":1,"minecraft:egg":9,"minecraft:stick":45,"minecraft:raw_iron":116,"minecraft:stone":3,"minecraft:copper_ingot":15,"minecraft:torch":45,"minecraft:green_bed":2,"minecraft:spruce_fence":1,"minecraft:cookie":4,"minecraft:redstone":44,"minecraft:green_banner":1,"minecraft:arrow":36,"minecraft:rotten_flesh":8,"minecraft:beetroot_seeds":9,"minecraft:hay_block":1,"supplementaries:ash":13,"minecraft:glow_berries":1,"minecraft:mutton":5,"minecraft:white_wool":4,"minecraft:cobblestone":456,"minecraft:birch_log":8,"minecraft:birch_leaves":1,"minecraft:feather":4,"minecraft:leather":1,"minecraft:potato":2,"minecraft:oak_log":183,"immersive_weathering:ivy":20,"minecraft:gunpowder":10,"minecraft:cobblestone_stairs":6,"minecraft:lapis_lazuli":13,"minecraft:dirt":167,"minecraft:white_banner":1,"minecraft:bone":19,"minecraft:apple":2,"minecraft:gray_carpet":1,"minecraft:bow":2,"minecraft:wheat_seeds":223,"minecraft:iron_ingot":8,"minecraft:stone_pickaxe":5,"minecraft:cooked_chicken":5,"minecraft:gray_bed":5,"minecraft:oak_planks":187,"minecraft:iron_sword":1,"overweight_farming:overweight_potato_block":4,"betterarcheology:artifact_shards":1,"minecraft:spyglass":1,"minecraft:dandelion":6,"variantcraftingtables:mangrove_crafting_table":2,"minecraft:sand":256,"minecraft:chiseled_sandstone":1,"minecraft:mossy_cobblestone":3,"minecraft:bundle":4,"minecraft:diamond":2,"minecraft:stone_axe":1,"minecraft:iron_helmet":1,"minecraft:oak_leaves":76,"minecraft:gray_wool":7,"minecraft:bread":2,"minecraft:baked_potato":4,"minecraft:oak_sapling":25,"minecraft:black_wool":2,"minecraft:melon_seeds":2,"minecraft:mangrove_propagule":1,"minecraft:coal":100},"minecraft:killed":{"minecraft:skeleton":6,"minecraft:chicken":14,"minecraft:husk":2,"minecraft:pig":2,"minecraft:creeper":2,"minecraft:sheep":8,"minecraft:zombie":6,"minecraft:player":2,"minecraft:villager":2,"minecraft:enderman":2,"minecraft:cow":2},"minecraft:used":{"minecraft:iron_shovel":369,"minecraft:ladder":11,"minecraft:chest":2,"minecraft:shield":25,"minecraft:iron_sword":32,"minecraft:cooked_salmon":4,"minecraft:stone_hoe":71,"minecraft:cooked_chicken":11,"minecraft:iron_chestplate":1,"minecraft:torch":97,"minecraft:dirt":49,"minecraft:glass":2,"minecraft:wooden_axe":44,"minecraft:iron_axe":255,"minecraft:iron_helmet":1,"minecraft:iron_boots":1,"variantcraftingtables:mangrove_crafting_table":3,"minecraft:bow":18,"minecraft:furnace":3,"minecraft:gray_bed":5,"minecraft:egg":17,"minecraft:cooked_beef":2,"immersive_aircraft:biplane":1,"minecraft:iron_leggings":1,"minecraft:wheat_seeds":133,"minecraft:cooked_mutton":6,"minecraft:water_bucket":16,"minecraft:cobblestone_stairs":29,"minecraft:stone_pickaxe":505,"minecraft:gray_carpet":10,"minecraft:baked_potato":4,"minecraft:oak_planks":125,"minecraft:green_bed":1,"minecraft:stonecutter":1,"minecraft:cobblestone_slab":12,"minecraft:oak_leaves":32,"minecraft:cookie":4,"minecraft:white_wool":3,"minecraft:glow_berries":1,"minecraft:sand":91,"minecraft:crafting_table":6,"minecraft:shears":90,"minecraft:oak_log":16,"minecraft:apple":2,"minecraft:bread":29,"minecraft:iron_pickaxe":3,"minecraft:stone_axe":135,"minecraft:cobblestone":89,"minecraft:bucket":15,"minecraft:bone_meal":18,"minecraft:experience_bottle":3,"minecraft:golden_pickaxe":32},"minecraft:crafted":{"immersive_aircraft:engine":2,"minecraft:smooth_stone":9,"minecraft:oak_planks":228,"minecraft:cobblestone_slab":24,"minecraft:iron_nugget":36,"minecraft:cooked_chicken":6,"minecraft:furnace":5,"minecraft:blast_furnace":2,"immersive_aircraft:biplane":2,"minecraft:piston":4,"minecraft:stone":63,"minecraft:cobblestone_stairs":24,"minecraft:bone_meal":18,"minecraft:cooked_mutton":6,"minecraft:glass":2,"minecraft:iron_boots":1,"minecraft:iron_axe":1,"minecraft:ladder":15,"immersive_aircraft:hull":6,"minecraft:stone_pickaxe":1,"minecraft:chest":2,"minecraft:stone_hoe":1,"variantcraftingtables:mangrove_crafting_table":1,"minecraft:cooked_beef":2,"immersive_aircraft:boiler":2,"minecraft:crafting_table":2,"minecraft:iron_helmet":1,"minecraft:iron_sword":1,"minecraft:copper_ingot":22,"minecraft:mangrove_planks":8,"minecraft:stone_axe":1,"immersive_aircraft:propeller":2,"minecraft:bread":10,"betterarcheology:bomb":4,"minecraft:iron_chestplate":1,"minecraft:stick":60,"minecraft:iron_ingot":90,"minecraft:iron_pickaxe":1,"minecraft:wooden_axe":1,"minecraft:iron_shovel":1,"minecraft:iron_leggings":1,"minecraft:stonecutter":1,"minecraft:gray_carpet":9,"minecraft:torch":52,"minecraft:shears":1,"minecraft:firework_rocket":15},"minecraft:custom":{"minecraft:interact_with_smithing_table":1,"minecraft:mob_kills":23,"minecraft:animals_bred":14,"minecraft:interact_with_crafting_table":62,"minecraft:open_barrel":1,"minecraft:leave_game":5,"minecraft:time_since_death":150098,"minecraft:climb_one_cm":12004,"minecraft:sprint_one_cm":703188,"minecraft:walk_one_cm":1248400,"minecraft:damage_blocked_by_shield":1480,"minecraft:drop":54,"minecraft:talked_to_villager":12,"minecraft:play_time":377438,"minecraft:deaths":1,"minecraft:sneak_time":13066,"minecraft:walk_under_water_one_cm":54929,"minecraft:jump":2201,"minecraft:walk_on_water_one_cm":30599,"minecraft:total_world_time":377438,"minecraft:interact_with_furnace":44,"minecraft:interact_with_cartography_table":1,"minecraft:interact_with_stonecutter":3,"minecraft:sleep_in_bed":18,"minecraft:time_since_rest":9584,"minecraft:damage_taken":1626,"minecraft:damage_dealt":2626,"minecraft:swim_one_cm":15164,"minecraft:player_kills":1,"minecraft:fly_one_cm":157784,"minecraft:open_chest":72,"minecraft:crouch_one_cm":20714,"minecraft:interact_with_smoker":6,"minecraft:fall_one_cm":33962,"minecraft:horse_one_cm":16},"minecraft:killed_by":{"minecraft:enderman":1},"minecraft:broken":{"minecraft:iron_shovel":1,"minecraft:stone_pickaxe":3,"minecraft:stone_axe":1,"minecraft:golden_pickaxe":1},"minecraft:mined":{"minecraft:cobblestone_stairs":3,"immersive_weathering:birch_leaf_pile":1,"minecraft:spruce_trapdoor":1,"minecraft:grass_block":64,"minecraft:spruce_fence":1,"minecraft:mangrove_propagule":1,"minecraft:green_wall_banner":1,"minecraft:large_fern":3,"immersive_weathering:mossy_stone":2,"minecraft:iron_ore":37,"minecraft:chiseled_sandstone":2,"treechop:chopped_log":13,"minecraft:azure_bluet":2,"minecraft:cave_vines":2,"minecraft:flowering_azalea_leaves":1,"immersive_weathering:ivy":18,"betterarcheology:loot_vase":3,"minecraft:stone":432,"minecraft:white_wool":1,"minecraft:green_bed":2,"immersive_weathering:oak_leaf_pile":11,"minecraft:dandelion":3,"minecraft:crafting_table":5,"minecraft:cornflower":1,"minecraft:torch":1,"minecraft:poppy":1,"minecraft:dead_bush":1,"minecraft:tall_grass":98,"minecraft:cobblestone":6,"minecraft:oak_planks":5,"variantcraftingtables:mangrove_crafting_table":2,"minecraft:wall_torch":5,"supplementaries:urn":6,"minecraft:coarse_dirt":1,"minecraft:cobblestone_wall":3,"betterarcheology:loot_vase_creeper":5,"minecraft:birch_log":3,"minecraft:wheat":74,"minecraft:gray_bed":4,"minecraft:birch_leaves":22,"minecraft:mangrove_leaves":6,"minecraft:white_wall_banner":1,"minecraft:grass":472,"minecraft:oak_log":5,"minecraft:coal_ore":28,"minecraft:sand":264,"minecraft:dirt":54,"minecraft:mangrove_log":2,"minecraft:oak_leaves":87,"minecraft:fern":4},"minecraft:dropped":{"minecraft:bread":3,"minecraft:iron_ingot":1,"minecraft:wheat_seeds":11,"minecraft:oak_log":11,"minecraft:mossy_cobblestone":1,"minecraft:diamond":1,"immersive_aircraft:biplane":1,"minecraft:feather":4,"minecraft:mangrove_propagule":1,"minecraft:coal":5,"minecraft:dirt":47,"betterarcheology:bomb":2,"overweight_farming:overweight_potato_block":4,"minecraft:sand":101,"minecraft:cactus":1,"minecraft:bucket":2,"minecraft:birch_log":7,"minecraft:dandelion":6,"minecraft:birch_sapling":2,"minecraft:wheat":1,"minecraft:rotten_flesh":7,"minecraft:oak_planks":184,"minecraft:poppy":1,"minecraft:cobblestone_slab":6,"minecraft:bundle":3,"minecraft:beetroot_seeds":9,"minecraft:oak_sapling":3,"minecraft:leather_boots":1,"minecraft:stone_pickaxe":2,"minecraft:cooked_rabbit":3,"minecraft:firework_rocket":8}},"DataVersion":3465}