{"stats":{"minecraft:picked_up":{"minecraft:crafting_table":4,"minecraft:iron_chestplate":1,"minecraft:wheat":42,"minecraft:azure_bluet":2,"minecraft:chicken":6,"artifacts:umbrella":2,"minecraft:shield":2,"minecraft:cornflower":1,"minecraft:iron_axe":1,"minecraft:cooked_salmon":4,"minecraft:iron_leggings":1,"minecraft:compass":1,"minecraft:iron_shovel":1,"minecraft:gold_nugget":18,"minecraft:smooth_stone":4,"minecraft:bucket":2,"minecraft:beef":2,"minecraft:poppy":1,"minecraft:light_gray_wool":1,"minecraft:spruce_trapdoor":1,"minecraft:birch_sapling":2,"minecraft:furnace":3,"minecraft:mangrove_log":2,"minecraft:iron_boots":1,"minecraft:egg":9,"minecraft:stick":33,"minecraft:raw_iron":116,"minecraft:stone":3,"minecraft:copper_ingot":15,"minecraft:torch":45,"minecraft:green_bed":1,"minecraft:spruce_fence":1,"minecraft:cookie":4,"minecraft:redstone":44,"minecraft:green_banner":1,"minecraft:arrow":36,"minecraft:rotten_flesh":8,"minecraft:beetroot_seeds":9,"minecraft:hay_block":1,"supplementaries:ash":13,"minecraft:glow_berries":1,"minecraft:mutton":5,"minecraft:white_wool":4,"minecraft:cobblestone":456,"minecraft:birch_log":7,"minecraft:feather":4,"minecraft:leather":1,"minecraft:potato":2,"minecraft:oak_log":148,"minecraft:gunpowder":10,"minecraft:cobblestone_stairs":6,"minecraft:lapis_lazuli":13,"minecraft:dirt":167,"minecraft:white_banner":1,"minecraft:bone":19,"minecraft:apple":2,"minecraft:gray_carpet":1,"minecraft:bow":2,"minecraft:wheat_seeds":223,"minecraft:iron_ingot":8,"minecraft:stone_pickaxe":5,"minecraft:cooked_chicken":5,"minecraft:gray_bed":5,"minecraft:iron_sword":1,"betterarcheology:artifact_shards":1,"variantcraftingtables:mangrove_crafting_table":2,"minecraft:dandelion":6,"minecraft:spyglass":1,"minecraft:sand":256,"minecraft:chiseled_sandstone":1,"minecraft:mossy_cobblestone":3,"minecraft:bundle":4,"minecraft:diamond":2,"minecraft:stone_axe":1,"minecraft:iron_helmet":1,"minecraft:gray_wool":7,"minecraft:bread":2,"minecraft:melon_seeds":2,"minecraft:baked_potato":4,"minecraft:oak_sapling":22,"minecraft:black_wool":2,"minecraft:coal":100,"minecraft:mangrove_propagule":1},"minecraft:mined":{"minecraft:cobblestone_stairs":3,"minecraft:spruce_trapdoor":1,"minecraft:spruce_fence":1,"minecraft:grass_block":64,"minecraft:mangrove_propagule":1,"minecraft:green_wall_banner":1,"minecraft:large_fern":3,"immersive_weathering:mossy_stone":2,"minecraft:iron_ore":37,"minecraft:chiseled_sandstone":2,"treechop:chopped_log":9,"minecraft:azure_bluet":2,"minecraft:cave_vines":2,"minecraft:flowering_azalea_leaves":1,"immersive_weathering:ivy":2,"betterarcheology:loot_vase":3,"minecraft:stone":432,"minecraft:white_wool":1,"minecraft:green_bed":1,"immersive_weathering:oak_leaf_pile":10,"minecraft:dandelion":3,"minecraft:crafting_table":4,"minecraft:cornflower":1,"minecraft:torch":1,"minecraft:poppy":1,"minecraft:dead_bush":1,"minecraft:tall_grass":98,"minecraft:cobblestone":6,"variantcraftingtables:mangrove_crafting_table":2,"minecraft:wall_torch":5,"supplementaries:urn":6,"minecraft:coarse_dirt":1,"minecraft:cobblestone_wall":3,"betterarcheology:loot_vase_creeper":5,"minecraft:birch_log":2,"minecraft:wheat":74,"minecraft:gray_bed":4,"minecraft:mangrove_leaves":6,"minecraft:white_wall_banner":1,"minecraft:grass":470,"minecraft:oak_log":5,"minecraft:coal_ore":28,"minecraft:sand":263,"minecraft:dirt":54,"minecraft:mangrove_log":2,"minecraft:fern":4},"minecraft:used":{"minecraft:iron_shovel":369,"minecraft:shield":25,"minecraft:iron_sword":21,"minecraft:cooked_salmon":4,"minecraft:stone_hoe":71,"minecraft:cooked_chicken":11,"minecraft:iron_chestplate":1,"minecraft:torch":97,"minecraft:dirt":49,"minecraft:glass":2,"minecraft:wooden_axe":44,"minecraft:iron_axe":255,"minecraft:iron_helmet":1,"minecraft:iron_boots":1,"variantcraftingtables:mangrove_crafting_table":3,"minecraft:bow":18,"minecraft:furnace":3,"minecraft:gray_bed":5,"minecraft:egg":17,"minecraft:cooked_beef":2,"immersive_aircraft:biplane":1,"minecraft:iron_leggings":1,"minecraft:wheat_seeds":133,"minecraft:cooked_mutton":6,"minecraft:water_bucket":16,"minecraft:cobblestone_stairs":29,"minecraft:stone_pickaxe":505,"minecraft:gray_carpet":10,"minecraft:baked_potato":4,"minecraft:stonecutter":1,"minecraft:cobblestone_slab":12,"minecraft:cookie":4,"minecraft:white_wool":3,"minecraft:glow_berries":1,"minecraft:sand":91,"minecraft:crafting_table":4,"minecraft:oak_log":2,"minecraft:apple":2,"minecraft:bread":22,"minecraft:iron_pickaxe":3,"minecraft:stone_axe":109,"minecraft:cobblestone":89,"minecraft:bucket":15,"minecraft:experience_bottle":3,"minecraft:bone_meal":18,"minecraft:golden_pickaxe":32},"minecraft:killed":{"minecraft:skeleton":6,"minecraft:chicken":12,"minecraft:pig":2,"minecraft:creeper":2,"minecraft:sheep":6,"minecraft:zombie":4,"minecraft:player":2,"minecraft:villager":2,"minecraft:cow":2,"minecraft:enderman":2},"minecraft:dropped":{"minecraft:bread":3,"minecraft:iron_ingot":1,"minecraft:wheat_seeds":11,"minecraft:oak_log":11,"minecraft:mossy_cobblestone":1,"minecraft:diamond":1,"immersive_aircraft:biplane":1,"minecraft:feather":4,"minecraft:mangrove_propagule":1,"minecraft:coal":5,"minecraft:dirt":47,"betterarcheology:bomb":2,"minecraft:sand":101,"minecraft:cactus":1,"minecraft:birch_log":7,"minecraft:bucket":2,"minecraft:dandelion":6,"minecraft:wheat":1,"minecraft:rotten_flesh":7,"minecraft:poppy":1,"minecraft:cobblestone_slab":6,"minecraft:bundle":3,"minecraft:leather_boots":1,"minecraft:stone_pickaxe":1,"minecraft:firework_rocket":8},"minecraft:custom":{"minecraft:interact_with_smithing_table":1,"minecraft:mob_kills":19,"minecraft:animals_bred":14,"minecraft:interact_with_crafting_table":56,"minecraft:open_barrel":1,"minecraft:leave_game":5,"minecraft:time_since_death":108789,"minecraft:climb_one_cm":4304,"minecraft:sprint_one_cm":622607,"minecraft:walk_one_cm":1165004,"minecraft:damage_blocked_by_shield":1480,"minecraft:drop":41,"minecraft:talked_to_villager":12,"minecraft:play_time":336129,"minecraft:deaths":1,"minecraft:sneak_time":8667,"minecraft:walk_under_water_one_cm":54929,"minecraft:jump":1930,"minecraft:walk_on_water_one_cm":30599,"minecraft:total_world_time":336129,"minecraft:interact_with_furnace":44,"minecraft:interact_with_cartography_table":1,"minecraft:interact_with_stonecutter":3,"minecraft:sleep_in_bed":15,"minecraft:time_since_rest":1880,"minecraft:damage_taken":1596,"minecraft:damage_dealt":2107,"minecraft:swim_one_cm":15164,"minecraft:player_kills":1,"minecraft:fly_one_cm":137882,"minecraft:open_chest":65,"minecraft:crouch_one_cm":8689,"minecraft:interact_with_smoker":6,"minecraft:fall_one_cm":28563,"minecraft:horse_one_cm":16},"minecraft:killed_by":{"minecraft:enderman":1},"minecraft:crafted":{"immersive_aircraft:engine":2,"minecraft:smooth_stone":9,"minecraft:oak_planks":28,"minecraft:cobblestone_slab":24,"minecraft:iron_nugget":36,"minecraft:cooked_chicken":6,"minecraft:furnace":5,"minecraft:blast_furnace":2,"immersive_aircraft:biplane":2,"minecraft:piston":4,"minecraft:stone":63,"minecraft:cobblestone_stairs":24,"minecraft:bone_meal":18,"minecraft:cooked_mutton":6,"minecraft:glass":2,"minecraft:iron_boots":1,"minecraft:iron_axe":1,"immersive_aircraft:hull":6,"minecraft:stone_pickaxe":1,"minecraft:stone_hoe":1,"variantcraftingtables:mangrove_crafting_table":1,"minecraft:cooked_beef":2,"immersive_aircraft:boiler":2,"minecraft:crafting_table":2,"minecraft:iron_helmet":1,"minecraft:iron_sword":1,"minecraft:copper_ingot":22,"minecraft:mangrove_planks":8,"minecraft:stone_axe":1,"immersive_aircraft:propeller":2,"minecraft:bread":10,"betterarcheology:bomb":4,"minecraft:iron_chestplate":1,"minecraft:stick":12,"minecraft:iron_ingot":90,"minecraft:iron_pickaxe":1,"minecraft:wooden_axe":1,"minecraft:iron_shovel":1,"minecraft:iron_leggings":1,"minecraft:stonecutter":1,"minecraft:gray_carpet":9,"minecraft:torch":52,"minecraft:shears":1,"minecraft:firework_rocket":15},"minecraft:broken":{"minecraft:iron_shovel":1,"minecraft:stone_pickaxe":3,"minecraft:golden_pickaxe":1}},"DataVersion":3465}