{"stats":{"minecraft:dropped":{"minecraft:iron_ingot":1,"minecraft:feather":2,"minecraft:leather_boots":1,"minecraft:stone_pickaxe":1,"minecraft:birch_log":7},"minecraft:crafted":{"minecraft:cooked_beef":2,"minecraft:oak_planks":8,"minecraft:cooked_chicken":3,"minecraft:mangrove_planks":4,"minecraft:stone_axe":1,"minecraft:cooked_mutton":6,"minecraft:stick":4,"minecraft:iron_ingot":1,"minecraft:stone_pickaxe":1,"minecraft:wooden_axe":1,"variantcraftingtables:mangrove_crafting_table":1},"minecraft:used":{"minecraft:cooked_mutton":6,"minecraft:water_bucket":2,"minecraft:stone_pickaxe":64,"minecraft:cooked_chicken":3,"minecraft:white_wool":1,"minecraft:torch":4,"minecraft:dirt":7,"minecraft:wooden_axe":44,"minecraft:bread":1,"minecraft:stone_axe":9,"variantcraftingtables:mangrove_crafting_table":3,"minecraft:cobblestone":15,"minecraft:gray_bed":4,"minecraft:bucket":2,"minecraft:cooked_beef":2},"minecraft:killed":{"minecraft:sheep":6,"minecraft:zombie":2,"minecraft:chicken":10,"minecraft:villager":2,"minecraft:cow":2},"minecraft:mined":{"minecraft:torch":1,"minecraft:grass_block":5,"minecraft:tall_grass":10,"minecraft:cobblestone":3,"variantcraftingtables:mangrove_crafting_table":2,"minecraft:birch_log":2,"minecraft:iron_ore":1,"minecraft:gray_bed":4,"treechop:chopped_log":2,"minecraft:mangrove_leaves":6,"minecraft:grass":17,"minecraft:coal_ore":10,"minecraft:oak_log":2,"minecraft:flowering_azalea_leaves":1,"minecraft:dirt":11,"minecraft:mangrove_log":2,"minecraft:stone":47,"minecraft:white_wool":1,"immersive_weathering:oak_leaf_pile":2},"minecraft:picked_up":{"minecraft:birch_log":7,"minecraft:feather":2,"minecraft:chicken":5,"minecraft:leather":1,"minecraft:oak_log":13,"minecraft:shield":1,"minecraft:dirt":16,"minecraft:bow":1,"minecraft:wheat_seeds":1,"minecraft:beef":2,"minecraft:stone_pickaxe":1,"minecraft:light_gray_wool":1,"minecraft:gray_bed":5,"minecraft:birch_sapling":2,"minecraft:mangrove_log":2,"minecraft:egg":4,"minecraft:stick":2,"minecraft:raw_iron":1,"minecraft:torch":6,"variantcraftingtables:mangrove_crafting_table":2,"minecraft:arrow":13,"minecraft:rotten_flesh":1,"minecraft:bread":1,"minecraft:oak_sapling":4,"minecraft:black_wool":1,"minecraft:mutton":5,"minecraft:coal":10,"minecraft:white_wool":2,"minecraft:cobblestone":53},"minecraft:custom":{"minecraft:interact_with_furnace":5,"minecraft:mob_kills":11,"minecraft:interact_with_crafting_table":5,"minecraft:interact_with_cartography_table":1,"minecraft:interact_with_stonecutter":1,"minecraft:leave_game":1,"minecraft:time_since_death":74510,"minecraft:sleep_in_bed":5,"minecraft:climb_one_cm":1349,"minecraft:time_since_rest":1331,"minecraft:sprint_one_cm":142631,"minecraft:damage_taken":370,"minecraft:walk_one_cm":243554,"minecraft:drop":5,"minecraft:damage_dealt":976,"minecraft:swim_one_cm":11423,"minecraft:talked_to_villager":3,"minecraft:fly_one_cm":41431,"minecraft:open_chest":9,"minecraft:crouch_one_cm":968,"minecraft:play_time":74510,"minecraft:sneak_time":1837,"minecraft:walk_under_water_one_cm":20828,"minecraft:jump":594,"minecraft:walk_on_water_one_cm":6738,"minecraft:total_world_time":74510,"minecraft:interact_with_smoker":6,"minecraft:fall_one_cm":11202}},"DataVersion":3465}