{"stats":{"minecraft:killed_by":{"minecraft:creeper":1,"minecraft:vindicator":2,"minecraft:vex":1,"minecraft:player":1,"minecraft:enderman":1},"minecraft:used":{"minecraft:moss_carpet":1,"minecraft:iron_shovel":478,"minecraft:ladder":11,"minecraft:chest":2,"minecraft:shield":94,"minecraft:stone":47,"minecraft:iron_sword":573,"immersive_weathering:ivy":68,"minecraft:iron_chestplate":2,"minecraft:milk_bucket":1,"minecraft:glass":2,"minecraft:lantern":2,"minecraft:iron_helmet":2,"minecraft:bow":46,"minecraft:furnace":6,"minecraft:oak_sapling":13,"minecraft:gray_bed":5,"minecraft:egg":17,"immersive_aircraft:biplane":1,"naturalist:cooked_egg":123,"minecraft:stone_pickaxe":505,"minecraft:gray_carpet":10,"minecraft:oak_planks":465,"naturalist:duck_egg":1,"minecraft:oak_leaves":453,"minecraft:cookie":4,"minecraft:white_wool":3,"minecraft:glow_berries":1,"minecraft:sand":91,"minecraft:crossbow":16,"minecraft:shears":637,"minecraft:bread":92,"minecraft:diamond_ore":1,"minecraft:smooth_stone_slab":73,"minecraft:bone_meal":20,"minecraft:golden_pickaxe":32,"minecraft:experience_bottle":3,"minecraft:cooked_chicken":11,"minecraft:cooked_salmon":4,"minecraft:stone_hoe":71,"another_furniture:black_lamp":3,"minecraft:orange_bed":1,"minecraft:torch":232,"minecraft:dirt":53,"minecraft:wooden_axe":44,"minecraft:iron_axe":521,"minecraft:oak_stairs":37,"minecraft:iron_boots":1,"minecraft:totem_of_undying":4,"minecraft:barrel":3,"variantcraftingtables:mangrove_crafting_table":3,"minecraft:cooked_beef":2,"minecraft:iron_leggings":2,"minecraft:wheat_seeds":203,"minecraft:cooked_mutton":6,"minecraft:water_bucket":22,"minecraft:cobblestone_stairs":29,"minecraft:baked_potato":4,"minecraft:stonecutter":1,"minecraft:green_bed":3,"minecraft:cobblestone_slab":12,"minecraft:oak_slab":9,"minecraft:crafting_table":10,"minecraft:oak_log":203,"minecraft:apple":3,"minecraft:oxeye_daisy":1,"man_of_many_planes:scarlet_biplane":3,"minecraft:iron_pickaxe":293,"minecraft:stone_axe":145,"minecraft:cobblestone":176,"minecraft:glass_pane":187,"minecraft:bucket":23,"minecraft:pumpkin_pie":1,"minecraft:yellow_bed":1,"minecraft:dandelion":1,"minecraft:smooth_stone":32},"minecraft:mined":{"minecraft:cobblestone_stairs":3,"minecraft:brewing_stand":1,"minecraft:spruce_trapdoor":1,"minecraft:grass_block":68,"minecraft:oxeye_daisy":1,"minecraft:green_wall_banner":1,"minecraft:smooth_stone":4,"minecraft:iron_ore":71,"immersive_weathering:mossy_stone":2,"minecraft:barrel":1,"minecraft:fire":2,"minecraft:moss_carpet":1,"minecraft:azure_bluet":3,"minecraft:cave_vines":2,"minecraft:dirt_path":1,"minecraft:water_cauldron":2,"minecraft:flowering_azalea_leaves":1,"minecraft:oak_stairs":11,"betterarcheology:loot_vase":7,"minecraft:white_banner":1,"minecraft:orange_bed":3,"minecraft:green_bed":3,"immersive_weathering:oak_leaf_pile":17,"minecraft:deepslate_redstone_ore":9,"minecraft:kelp_plant":1,"minecraft:torch":2,"minecraft:blast_furnace":2,"minecraft:poppy":1,"minecraft:dead_bush":1,"minecraft:cobblestone":12,"minecraft:oak_planks":55,"minecraft:wall_torch":7,"minecraft:birch_log":3,"minecraft:wheat":162,"minecraft:tnt":1,"minecraft:smooth_stone_slab":1,"minecraft:grass":493,"minecraft:oak_log":43,"minecraft:sand":374,"minecraft:dirt":58,"minecraft:mangrove_log":2,"immersive_weathering:weeds":11,"minecraft:oak_leaves":646,"minecraft:deepslate":4,"minecraft:diamond_ore":1,"minecraft:tuff":2,"minecraft:mossy_cobblestone":1,"minecraft:deepslate_diamond_ore":1,"minecraft:mangrove_roots":11,"immersive_weathering:birch_leaf_pile":2,"minecraft:ladder":11,"minecraft:decorated_pot":2,"minecraft:spruce_fence":1,"minecraft:kelp":1,"minecraft:moss_block":2,"minecraft:mangrove_propagule":1,"minecraft:large_fern":4,"minecraft:packed_mud":1,"minecraft:raw_gold_block":1,"minecraft:chiseled_sandstone":2,"treechop:chopped_log":39,"minecraft:bookshelf":2,"minecraft:deepslate_iron_ore":12,"minecraft:vine":1,"minecraft:lantern":2,"immersive_weathering:grassy_sandy_dirt":4,"immersive_weathering:ivy":73,"minecraft:stone":503,"minecraft:white_wool":2,"minecraft:oak_slab":4,"minecraft:glass_pane":14,"minecraft:dandelion":4,"minecraft:smooth_sandstone":3,"minecraft:crafting_table":6,"minecraft:cornflower":1,"minecraft:rose_bush":1,"immersive_weathering:mangrove_leaf_pile":2,"minecraft:tall_grass":105,"minecraft:copper_ore":2,"minecraft:deepslate_coal_ore":1,"minecraft:deepslate_gold_ore":10,"variantcraftingtables:mangrove_crafting_table":2,"supplementaries:urn":23,"minecraft:coarse_dirt":1,"minecraft:cobblestone_wall":3,"betterarcheology:loot_vase_creeper":12,"minecraft:gray_bed":4,"minecraft:birch_leaves":22,"minecraft:mangrove_planks":2,"minecraft:white_wall_banner":1,"minecraft:mangrove_leaves":9,"minecraft:bee_nest":1,"minecraft:yellow_bed":2,"minecraft:coal_ore":124,"minecraft:cobweb":1,"minecraft:fern":4},"minecraft:crafted":{"immersive_aircraft:engine":3,"minecraft:smooth_stone":77,"minecraft:oak_planks":536,"minecraft:cobblestone_slab":24,"immersive_aircraft:sturdy_pipes":1,"minecraft:cooked_chicken":7,"minecraft:cobblestone_stairs":24,"minecraft:stone":127,"minecraft:cooked_mutton":6,"minecraft:glass":128,"minecraft:iron_boots":3,"immersive_aircraft:hull":12,"minecraft:chest":2,"minecraft:stone_hoe":1,"immersive_weathering:charred_planks":3,"variantcraftingtables:mangrove_crafting_table":1,"minecraft:oak_slab":18,"minecraft:crafting_table":4,"minecraft:iron_helmet":2,"minecraft:copper_ingot":44,"minecraft:birch_planks":4,"immersive_aircraft:propeller":5,"betterarcheology:bomb":8,"minecraft:iron_chestplate":2,"minecraft:charcoal":19,"minecraft:shield":1,"minecraft:stick":60,"minecraft:iron_ingot":171,"minecraft:iron_pickaxe":2,"minecraft:gray_carpet":9,"minecraft:shears":1,"minecraft:tripwire_hook":2,"minecraft:smooth_stone_slab":72,"minecraft:iron_nugget":72,"minecraft:furnace":10,"immersive_aircraft:biplane":3,"minecraft:blast_furnace":3,"minecraft:piston":6,"minecraft:bone_meal":18,"minecraft:glass_pane":192,"minecraft:iron_axe":1,"minecraft:ladder":15,"minecraft:stone_pickaxe":1,"man_of_many_planes:scarlet_biplane":1,"minecraft:cooked_beef":2,"minecraft:coal_block":3,"immersive_aircraft:enhanced_propeller":1,"minecraft:crossbow":2,"immersive_aircraft:improved_landing_gear":1,"immersive_aircraft:boiler":3,"minecraft:iron_sword":3,"minecraft:mangrove_planks":8,"minecraft:bucket":1,"minecraft:stone_axe":2,"minecraft:enchanted_book":1,"minecraft:bread":10,"minecraft:air":0,"another_furniture:black_lamp":3,"immersive_aircraft:heavy_crossbow":1,"minecraft:wooden_axe":1,"minecraft:oak_stairs":32,"minecraft:iron_shovel":1,"minecraft:iron_leggings":1,"minecraft:stonecutter":1,"minecraft:torch":164,"minecraft:firework_rocket":15},"minecraft:dropped":{"minecraft:oak_log":105,"minecraft:diamond":1,"minecraft:crafting_table":2,"immersive_aircraft:biplane":2,"minecraft:honeycomb":3,"minecraft:packed_mud":1,"minecraft:dirt":49,"minecraft:grass":2,"overweight_farming:overweight_potato_block":4,"minecraft:gold_nugget":9,"minecraft:sand":101,"minecraft:birch_log":7,"naturalist:cooked_egg":1,"minecraft:stone_axe":1,"minecraft:compass":2,"minecraft:mangrove_roots":9,"immersive_weathering:sandy_dirt":10,"minecraft:wheat":2,"minecraft:birch_sapling":2,"minecraft:rotten_flesh":31,"minecraft:oak_planks":186,"minecraft:poppy":1,"minecraft:leather_chestplate":1,"supplementaries:ash":10,"minecraft:gunpowder":1,"minecraft:skeleton_skull":1,"minecraft:beetroot_seeds":9,"minecraft:leather_boots":2,"minecraft:arrow":5,"minecraft:glass":52,"minecraft:oak_leaves":332,"minecraft:firework_rocket":8,"minecraft:egg":8,"minecraft:water_bucket":2,"minecraft:iron_ingot":10,"minecraft:bread":6,"minecraft:oak_slab":14,"minecraft:wheat_seeds":11,"minecraft:mossy_cobblestone":3,"minecraft:feather":4,"minecraft:mangrove_propagule":1,"minecraft:iron_helmet":1,"minecraft:apple":5,"minecraft:coal":6,"betterarcheology:bomb":2,"minecraft:gray_wool":15,"minecraft:torch":9,"minecraft:rose_bush":1,"minecraft:potion":1,"minecraft:iron_leggings":2,"minecraft:cactus":1,"minecraft:bucket":2,"minecraft:dandelion":7,"immersive_weathering:weeds":18,"minecraft:raw_copper":15,"minecraft:iron_boots":2,"minecraft:glass_pane":5,"minecraft:potato":1,"minecraft:cobblestone_slab":6,"minecraft:shield":2,"minecraft:bundle":3,"minecraft:iron_chestplate":1,"minecraft:oak_sapling":20,"minecraft:bow":1,"minecraft:stone_pickaxe":2,"minecraft:cooked_rabbit":3},"minecraft:custom":{"minecraft:animals_bred":25,"minecraft:interact_with_crafting_table":144,"minecraft:open_barrel":47,"minecraft:bell_ring":10,"minecraft:leave_game":14,"minecraft:time_since_death":173699,"minecraft:sprint_one_cm":2249348,"minecraft:damage_blocked_by_shield":4960,"minecraft:drop":138,"minecraft:talked_to_villager":50,"minecraft:play_time":1044883,"minecraft:deaths":6,"minecraft:interact_with_brewingstand":1,"minecraft:jump":7132,"minecraft:walk_on_water_one_cm":92230,"minecraft:interact_with_furnace":111,"minecraft:traded_with_villager":1,"minecraft:interact_with_cartography_table":1,"minecraft:sleep_in_bed":58,"minecraft:damage_dealt":28860,"minecraft:player_kills":1,"minecraft:crouch_one_cm":66408,"minecraft:interact_with_smoker":8,"minecraft:horse_one_cm":312,"minecraft:interact_with_smithing_table":3,"minecraft:mob_kills":175,"minecraft:inspect_hopper":2,"minecraft:climb_one_cm":111659,"minecraft:walk_one_cm":2874412,"minecraft:sneak_time":32995,"minecraft:walk_under_water_one_cm":138456,"minecraft:boat_one_cm":31581,"minecraft:total_world_time":1044883,"minecraft:interact_with_grindstone":1,"minecraft:interact_with_stonecutter":4,"minecraft:time_since_rest":4389,"minecraft:damage_taken":10328,"minecraft:trigger_trapped_chest":1,"minecraft:swim_one_cm":97632,"minecraft:fly_one_cm":779825,"minecraft:open_chest":215,"minecraft:fall_one_cm":167687},"minecraft:picked_up":{"minecraft:iron_chestplate":3,"minecraft:wheat":142,"artifacts:umbrella":2,"minecraft:oak_stairs":11,"minecraft:potion":1,"minecraft:brewing_stand":1,"minecraft:string":5,"minecraft:raw_copper":15,"minecraft:cooked_salmon":4,"minecraft:smooth_stone_slab":1,"minecraft:iron_leggings":3,"minecraft:smooth_stone":8,"minecraft:gold_nugget":35,"minecraft:cobbled_deepslate":4,"minecraft:bucket":2,"minecraft:rose_bush":1,"minecraft:iron_pickaxe":1,"minecraft:mangrove_log":37,"minecraft:iron_boots":3,"minecraft:furnace":3,"minecraft:stick":76,"minecraft:torch":80,"minecraft:green_bed":3,"minecraft:golden_chestplate":1,"minecraft:cauldron":2,"minecraft:orange_bed":3,"minecraft:green_banner":1,"minecraft:rotten_flesh":41,"supplementaries:antique_ink":8,"minecraft:mangrove_roots":9,"supplementaries:ash":23,"minecraft:cobblestone":533,"minecraft:birch_log":8,"minecraft:leather_chestplate":2,"minecraft:feather":17,"immersive_weathering:sandy_dirt":20,"minecraft:potato":3,"minecraft:tuff":1,"supplementaries:flax_seeds":4,"minecraft:danger_pottery_sherd":1,"minecraft:lapis_lazuli":51,"minecraft:dirt":177,"minecraft:lantern":3,"minecraft:leather_boots":3,"minecraft:bone":63,"minecraft:glass":2,"immersive_weathering:weeds":18,"minecraft:bow":3,"minecraft:wheat_seeds":437,"minecraft:raw_gold":25,"minecraft:glowstone_dust":2,"minecraft:moss_block":1,"minecraft:honeycomb":3,"minecraft:oak_planks":254,"overweight_farming:overweight_potato_block":4,"betterarcheology:artifact_shards":3,"minecraft:sand":371,"naturalist:duck_egg":1,"minecraft:barrel":1,"minecraft:chiseled_sandstone":1,"minecraft:mossy_cobblestone":5,"minecraft:bundle":4,"minecraft:diamond":7,"minecraft:crossbow":3,"minecraft:bone_meal":2,"minecraft:grass":4,"minecraft:bread":17,"minecraft:emerald":30,"minecraft:oak_sapling":55,"minecraft:oak_leaves":847,"minecraft:crafting_table":9,"minecraft:azure_bluet":2,"minecraft:chicken":26,"minecraft:ladder":11,"minecraft:shield":3,"minecraft:cornflower":1,"minecraft:moss_carpet":1,"minecraft:iron_axe":2,"immersive_aircraft:biplane":1,"minecraft:compass":3,"minecraft:iron_shovel":1,"minecraft:glass_pane":5,"minecraft:beef":2,"minecraft:iron_nugget":20,"minecraft:poppy":2,"minecraft:light_gray_wool":1,"minecraft:birch_sapling":4,"minecraft:spruce_trapdoor":1,"minecraft:egg":85,"minecraft:raw_iron":183,"minecraft:stone":3,"minecraft:raw_gold_block":1,"minecraft:copper_ingot":23,"minecraft:spruce_fence":1,"minecraft:skull_pottery_sherd":1,"minecraft:cookie":4,"minecraft:carrot":4,"minecraft:redstone":110,"minecraft:tnt":1,"man_of_many_planes:scarlet_biplane":2,"minecraft:arrow":76,"minecraft:decorated_pot":1,"minecraft:beetroot_seeds":17,"minecraft:pumpkin_pie":1,"minecraft:shears":2,"minecraft:hay_block":1,"minecraft:totem_of_undying":4,"minecraft:glow_berries":1,"minecraft:mutton":5,"minecraft:skeleton_skull":1,"minecraft:white_wool":4,"minecraft:oxeye_daisy":1,"minecraft:birch_leaves":1,"minecraft:burn_pottery_sherd":1,"minecraft:leather":1,"minecraft:packed_mud":1,"minecraft:oak_log":603,"immersive_weathering:ivy":68,"minecraft:yellow_bed":2,"naturalist:cooked_egg":116,"minecraft:gunpowder":14,"minecraft:cobblestone_stairs":6,"minecraft:white_banner":3,"minecraft:smooth_sandstone":3,"minecraft:apple":8,"minecraft:gray_carpet":1,"minecraft:iron_ingot":15,"minecraft:stone_pickaxe":5,"minecraft:cooked_chicken":5,"minecraft:mangrove_planks":16,"minecraft:gray_bed":5,"minecraft:iron_sword":1,"minecraft:flowering_azalea":1,"minecraft:book":6,"minecraft:oak_slab":21,"minecraft:milk_bucket":3,"betterarcheology:bomb":4,"minecraft:dandelion":8,"minecraft:spyglass":1,"variantcraftingtables:mangrove_crafting_table":2,"minecraft:prize_pottery_sherd":1,"minecraft:blast_furnace":2,"minecraft:spider_eye":4,"minecraft:pumpkin_seeds":6,"minecraft:stone_axe":1,"minecraft:iron_helmet":3,"minecraft:gray_wool":22,"minecraft:baked_potato":4,"minecraft:melon_seeds":2,"minecraft:black_wool":2,"minecraft:mangrove_propagule":1,"minecraft:coal":230,"minecraft:ender_pearl":2},"minecraft:killed":{"minecraft:witch":8,"minecraft:spider":18,"minecraft:skeleton":18,"minecraft:bee":4,"minecraft:chicken":62,"minecraft:silverfish":2,"sleep_tight:bedbug":2,"minecraft:pig":2,"minecraft:zombie_villager":2,"minecraft:creeper":14,"minecraft:sheep":8,"minecraft:pillager":46,"minecraft:zombie":102,"minecraft:cow":2,"minecraft:vex":10,"minecraft:vindicator":18,"minecraft:drowned":2,"minecraft:husk":8,"minecraft:ravager":4,"creeperoverhaul:ocean_creeper":2,"minecraft:player":2,"minecraft:villager":2,"minecraft:enderman":4},"minecraft:broken":{"minecraft:iron_shovel":1,"minecraft:shears":3,"minecraft:iron_leggings":1,"minecraft:stone_pickaxe":3,"minecraft:stone_axe":1,"minecraft:iron_sword":2,"minecraft:iron_axe":2,"minecraft:iron_helmet":1,"minecraft:golden_pickaxe":1}},"DataVersion":3465}