{"stats":{"minecraft:dropped":{"minecraft:iron_ingot":1,"minecraft:feather":2,"minecraft:leather_boots":1,"minecraft:stone_pickaxe":1,"minecraft:birch_log":7},"minecraft:mined":{"minecraft:torch":1,"minecraft:grass_block":4,"minecraft:tall_grass":8,"minecraft:cobblestone":3,"variantcraftingtables:mangrove_crafting_table":2,"minecraft:birch_log":2,"minecraft:iron_ore":1,"minecraft:gray_bed":2,"treechop:chopped_log":2,"minecraft:mangrove_leaves":6,"minecraft:grass":13,"minecraft:oak_log":2,"minecraft:coal_ore":2,"minecraft:flowering_azalea_leaves":1,"minecraft:dirt":3,"minecraft:mangrove_log":2,"minecraft:stone":30,"minecraft:white_wool":1,"immersive_weathering:oak_leaf_pile":2},"minecraft:custom":{"minecraft:interact_with_furnace":5,"minecraft:mob_kills":7,"minecraft:interact_with_crafting_table":4,"minecraft:interact_with_cartography_table":1,"minecraft:interact_with_stonecutter":1,"minecraft:time_since_death":53853,"minecraft:sleep_in_bed":3,"minecraft:climb_one_cm":1349,"minecraft:time_since_rest":8309,"minecraft:sprint_one_cm":88705,"minecraft:damage_taken":220,"minecraft:walk_one_cm":151400,"minecraft:drop":5,"minecraft:damage_dealt":566,"minecraft:fly_one_cm":24494,"minecraft:open_chest":7,"minecraft:crouch_one_cm":968,"minecraft:play_time":53853,"minecraft:sneak_time":1807,"minecraft:walk_under_water_one_cm":4101,"minecraft:jump":376,"minecraft:walk_on_water_one_cm":2416,"minecraft:total_world_time":53853,"minecraft:interact_with_smoker":6,"minecraft:fall_one_cm":7326},"minecraft:used":{"minecraft:cooked_mutton":3,"minecraft:water_bucket":1,"minecraft:stone_pickaxe":39,"minecraft:white_wool":1,"minecraft:torch":4,"minecraft:dirt":7,"minecraft:wooden_axe":36,"variantcraftingtables:mangrove_crafting_table":2,"minecraft:cobblestone":15,"minecraft:gray_bed":2,"minecraft:bucket":1,"minecraft:cooked_beef":2},"minecraft:crafted":{"minecraft:cooked_beef":2,"minecraft:oak_planks":8,"minecraft:cooked_chicken":3,"minecraft:mangrove_planks":4,"minecraft:cooked_mutton":6,"minecraft:stick":4,"minecraft:iron_ingot":1,"minecraft:stone_pickaxe":1,"minecraft:wooden_axe":1,"variantcraftingtables:mangrove_crafting_table":1},"minecraft:picked_up":{"minecraft:birch_log":7,"minecraft:feather":2,"minecraft:chicken":3,"minecraft:leather":1,"minecraft:oak_log":13,"minecraft:shield":1,"minecraft:dirt":7,"minecraft:bow":1,"minecraft:wheat_seeds":1,"minecraft:beef":2,"minecraft:stone_pickaxe":1,"minecraft:light_gray_wool":1,"minecraft:gray_bed":3,"minecraft:birch_sapling":2,"minecraft:mangrove_log":2,"minecraft:egg":2,"minecraft:stick":2,"minecraft:raw_iron":1,"minecraft:torch":6,"variantcraftingtables:mangrove_crafting_table":2,"minecraft:arrow":5,"minecraft:oak_sapling":4,"minecraft:black_wool":1,"minecraft:mutton":5,"minecraft:coal":2,"minecraft:white_wool":2,"minecraft:cobblestone":36},"minecraft:killed":{"minecraft:sheep":6,"minecraft:chicken":6,"minecraft:cow":2}},"DataVersion":3465}