{"stats":{"minecraft:dropped":{"minecraft:leather_boots":1},"minecraft:mined":{"minecraft:birch_log":2,"minecraft:gray_bed":1,"treechop:chopped_log":2,"minecraft:mangrove_leaves":6,"minecraft:grass":10,"minecraft:grass_block":4,"minecraft:oak_log":2,"minecraft:flowering_azalea_leaves":1,"minecraft:dirt":3,"minecraft:mangrove_log":2,"minecraft:tall_grass":8,"minecraft:white_wool":1,"minecraft:stone":28,"variantcraftingtables:mangrove_crafting_table":2,"immersive_weathering:oak_leaf_pile":2},"minecraft:used":{"minecraft:cooked_mutton":1,"minecraft:wooden_axe":29,"minecraft:stone_pickaxe":28,"minecraft:white_wool":1,"variantcraftingtables:mangrove_crafting_table":2,"minecraft:dirt":7,"minecraft:gray_bed":1,"minecraft:cooked_beef":2},"minecraft:custom":{"minecraft:time_since_rest":1263,"minecraft:sprint_one_cm":47427,"minecraft:damage_taken":40,"minecraft:walk_one_cm":92615,"minecraft:mob_kills":4,"minecraft:drop":1,"minecraft:damage_dealt":420,"minecraft:interact_with_cartography_table":1,"minecraft:interact_with_crafting_table":4,"minecraft:fly_one_cm":15765,"minecraft:open_chest":7,"minecraft:play_time":29853,"minecraft:jump":202,"minecraft:interact_with_stonecutter":1,"minecraft:time_since_death":29853,"minecraft:interact_with_smoker":6,"minecraft:sleep_in_bed":2,"minecraft:climb_one_cm":1349,"minecraft:total_world_time":29853,"minecraft:fall_one_cm":4972},"minecraft:picked_up":{"minecraft:birch_log":7,"minecraft:stick":2,"minecraft:leather":1,"variantcraftingtables:mangrove_crafting_table":2,"minecraft:oak_log":13,"minecraft:dirt":7,"minecraft:wheat_seeds":1,"minecraft:beef":2,"minecraft:gray_bed":1,"minecraft:light_gray_wool":1,"minecraft:oak_sapling":4,"minecraft:black_wool":1,"minecraft:mutton":5,"minecraft:birch_sapling":2,"minecraft:white_wool":2,"minecraft:mangrove_log":2,"minecraft:cobblestone":31,"minecraft:egg":1},"minecraft:crafted":{"minecraft:cooked_beef":2,"minecraft:oak_planks":8,"minecraft:stick":4,"minecraft:stone_pickaxe":1,"minecraft:wooden_axe":1,"minecraft:mangrove_planks":4,"variantcraftingtables:mangrove_crafting_table":1,"minecraft:cooked_mutton":6},"minecraft:killed":{"minecraft:sheep":6,"minecraft:cow":2}},"DataVersion":3465}