{"stats":{"minecraft:dropped":{"minecraft:iron_ingot":1,"minecraft:oak_log":11,"minecraft:diamond":1,"minecraft:feather":4,"minecraft:coal":5,"minecraft:cobblestone_slab":6,"minecraft:bundle":3,"minecraft:leather_boots":1,"minecraft:stone_pickaxe":1,"minecraft:birch_log":7},"minecraft:crafted":{"minecraft:cooked_beef":2,"minecraft:oak_planks":12,"minecraft:cobblestone_slab":24,"minecraft:crafting_table":1,"minecraft:iron_helmet":1,"minecraft:cooked_chicken":6,"minecraft:iron_sword":1,"minecraft:furnace":2,"minecraft:cobblestone_stairs":24,"minecraft:mangrove_planks":8,"minecraft:stone_axe":1,"minecraft:cooked_mutton":6,"minecraft:iron_boots":1,"minecraft:iron_chestplate":1,"minecraft:iron_axe":1,"minecraft:stick":12,"minecraft:iron_ingot":30,"minecraft:stone_pickaxe":1,"minecraft:wooden_axe":1,"minecraft:iron_leggings":1,"minecraft:torch":52,"variantcraftingtables:mangrove_crafting_table":1},"minecraft:used":{"minecraft:cooked_mutton":6,"minecraft:water_bucket":3,"minecraft:cobblestone_stairs":29,"minecraft:iron_shovel":24,"minecraft:stone_pickaxe":498,"minecraft:baked_potato":3,"minecraft:shield":20,"minecraft:iron_sword":2,"minecraft:cobblestone_slab":12,"minecraft:cooked_chicken":11,"minecraft:iron_chestplate":1,"minecraft:cookie":4,"minecraft:white_wool":1,"minecraft:torch":90,"minecraft:dirt":7,"minecraft:crafting_table":3,"minecraft:wooden_axe":44,"minecraft:bread":1,"minecraft:iron_helmet":1,"minecraft:iron_boots":1,"minecraft:stone_axe":109,"variantcraftingtables:mangrove_crafting_table":3,"minecraft:cobblestone":77,"minecraft:bow":12,"minecraft:furnace":3,"minecraft:gray_bed":5,"minecraft:bucket":3,"minecraft:iron_leggings":1,"minecraft:cooked_beef":2,"minecraft:golden_pickaxe":32},"minecraft:killed":{"minecraft:skeleton":4,"minecraft:sheep":6,"minecraft:zombie":2,"minecraft:chicken":12,"minecraft:villager":2,"minecraft:cow":2},"minecraft:mined":{"minecraft:cobblestone_stairs":3,"minecraft:crafting_table":3,"minecraft:torch":1,"minecraft:grass_block":10,"minecraft:tall_grass":10,"minecraft:cobblestone":6,"variantcraftingtables:mangrove_crafting_table":2,"minecraft:wall_torch":5,"supplementaries:urn":6,"minecraft:cobblestone_wall":3,"immersive_weathering:mossy_stone":2,"minecraft:birch_log":2,"minecraft:iron_ore":35,"minecraft:gray_bed":4,"treechop:chopped_log":9,"minecraft:mangrove_leaves":6,"minecraft:grass":22,"minecraft:coal_ore":24,"minecraft:oak_log":5,"minecraft:flowering_azalea_leaves":1,"minecraft:dirt":51,"minecraft:mangrove_log":2,"immersive_weathering:ivy":2,"minecraft:stone":431,"minecraft:white_wool":1,"immersive_weathering:oak_leaf_pile":10},"minecraft:picked_up":{"minecraft:birch_log":7,"minecraft:crafting_table":2,"minecraft:feather":4,"minecraft:chicken":6,"minecraft:leather":1,"artifacts:umbrella":1,"minecraft:oak_log":82,"minecraft:shield":1,"minecraft:cobblestone_stairs":6,"minecraft:dirt":63,"minecraft:bone":3,"minecraft:apple":2,"minecraft:bow":1,"minecraft:wheat_seeds":3,"minecraft:gold_nugget":9,"minecraft:beef":2,"minecraft:stone_pickaxe":4,"minecraft:cooked_chicken":5,"minecraft:light_gray_wool":1,"minecraft:gray_bed":5,"minecraft:birch_sapling":2,"minecraft:mangrove_log":2,"minecraft:furnace":1,"minecraft:egg":4,"minecraft:stick":18,"minecraft:raw_iron":34,"minecraft:torch":45,"variantcraftingtables:mangrove_crafting_table":2,"minecraft:cookie":4,"minecraft:mossy_cobblestone":2,"minecraft:bundle":2,"minecraft:diamond":1,"minecraft:arrow":19,"minecraft:rotten_flesh":1,"minecraft:baked_potato":4,"supplementaries:ash":13,"minecraft:bread":1,"minecraft:oak_sapling":22,"minecraft:black_wool":1,"minecraft:mutton":5,"minecraft:coal":56,"minecraft:white_wool":2,"minecraft:cobblestone":414},"minecraft:custom":{"minecraft:interact_with_smithing_table":1,"minecraft:interact_with_furnace":21,"minecraft:mob_kills":14,"minecraft:interact_with_crafting_table":23,"minecraft:interact_with_cartography_table":1,"minecraft:open_barrel":1,"minecraft:interact_with_stonecutter":1,"minecraft:leave_game":1,"minecraft:time_since_death":158510,"minecraft:sleep_in_bed":7,"minecraft:climb_one_cm":1349,"minecraft:time_since_rest":2037,"minecraft:sprint_one_cm":279920,"minecraft:damage_taken":928,"minecraft:walk_one_cm":555937,"minecraft:damage_blocked_by_shield":1110,"minecraft:drop":22,"minecraft:damage_dealt":1523,"minecraft:swim_one_cm":15164,"minecraft:talked_to_villager":3,"minecraft:fly_one_cm":69067,"minecraft:open_chest":17,"minecraft:crouch_one_cm":4281,"minecraft:play_time":158510,"minecraft:sneak_time":4761,"minecraft:walk_under_water_one_cm":44192,"minecraft:jump":1030,"minecraft:walk_on_water_one_cm":13883,"minecraft:total_world_time":158510,"minecraft:interact_with_smoker":6,"minecraft:fall_one_cm":14163},"minecraft:broken":{"minecraft:stone_pickaxe":3,"minecraft:golden_pickaxe":1}},"DataVersion":3465}