{"stats":{"minecraft:dropped":{"minecraft:iron_ingot":1,"minecraft:feather":2,"minecraft:leather_boots":1,"minecraft:stone_pickaxe":1,"minecraft:birch_log":7},"minecraft:mined":{"minecraft:torch":1,"minecraft:grass_block":5,"minecraft:tall_grass":10,"minecraft:cobblestone":3,"variantcraftingtables:mangrove_crafting_table":2,"minecraft:birch_log":2,"minecraft:iron_ore":1,"minecraft:gray_bed":3,"treechop:chopped_log":2,"minecraft:mangrove_leaves":6,"minecraft:grass":17,"minecraft:oak_log":2,"minecraft:coal_ore":4,"minecraft:flowering_azalea_leaves":1,"minecraft:dirt":11,"minecraft:mangrove_log":2,"minecraft:stone":37,"minecraft:white_wool":1,"immersive_weathering:oak_leaf_pile":2},"minecraft:custom":{"minecraft:interact_with_furnace":5,"minecraft:mob_kills":11,"minecraft:interact_with_crafting_table":5,"minecraft:interact_with_cartography_table":1,"minecraft:interact_with_stonecutter":1,"minecraft:time_since_death":65853,"minecraft:sleep_in_bed":4,"minecraft:climb_one_cm":1349,"minecraft:time_since_rest":2568,"minecraft:sprint_one_cm":123386,"minecraft:damage_taken":350,"minecraft:walk_one_cm":217697,"minecraft:drop":5,"minecraft:damage_dealt":976,"minecraft:talked_to_villager":3,"minecraft:fly_one_cm":33210,"minecraft:open_chest":7,"minecraft:crouch_one_cm":968,"minecraft:play_time":65853,"minecraft:sneak_time":1807,"minecraft:walk_under_water_one_cm":4232,"minecraft:jump":525,"minecraft:walk_on_water_one_cm":4641,"minecraft:total_world_time":65853,"minecraft:interact_with_smoker":6,"minecraft:fall_one_cm":9544},"minecraft:used":{"minecraft:cooked_mutton":6,"minecraft:water_bucket":2,"minecraft:stone_pickaxe":48,"minecraft:cooked_chicken":1,"minecraft:white_wool":1,"minecraft:torch":4,"minecraft:dirt":7,"minecraft:wooden_axe":44,"minecraft:stone_axe":9,"variantcraftingtables:mangrove_crafting_table":3,"minecraft:cobblestone":15,"minecraft:gray_bed":3,"minecraft:bucket":2,"minecraft:cooked_beef":2},"minecraft:crafted":{"minecraft:cooked_beef":2,"minecraft:oak_planks":8,"minecraft:cooked_chicken":3,"minecraft:mangrove_planks":4,"minecraft:stone_axe":1,"minecraft:cooked_mutton":6,"minecraft:stick":4,"minecraft:iron_ingot":1,"minecraft:stone_pickaxe":1,"minecraft:wooden_axe":1,"variantcraftingtables:mangrove_crafting_table":1},"minecraft:picked_up":{"minecraft:birch_log":7,"minecraft:feather":2,"minecraft:chicken":5,"minecraft:leather":1,"minecraft:oak_log":13,"minecraft:shield":1,"minecraft:dirt":16,"minecraft:bow":1,"minecraft:wheat_seeds":1,"minecraft:beef":2,"minecraft:stone_pickaxe":1,"minecraft:light_gray_wool":1,"minecraft:gray_bed":4,"minecraft:birch_sapling":2,"minecraft:mangrove_log":2,"minecraft:egg":4,"minecraft:stick":2,"minecraft:raw_iron":1,"minecraft:torch":6,"variantcraftingtables:mangrove_crafting_table":2,"minecraft:arrow":5,"minecraft:rotten_flesh":1,"minecraft:bread":1,"minecraft:oak_sapling":4,"minecraft:black_wool":1,"minecraft:mutton":5,"minecraft:coal":4,"minecraft:white_wool":2,"minecraft:cobblestone":43},"minecraft:killed":{"minecraft:sheep":6,"minecraft:zombie":2,"minecraft:chicken":10,"minecraft:villager":2,"minecraft:cow":2}},"DataVersion":3465}