{"stats":{"minecraft:killed":{"minecraft:skeleton":8,"minecraft:bee":4,"minecraft:chicken":14,"minecraft:drowned":2,"minecraft:husk":2,"minecraft:pig":2,"minecraft:creeper":4,"minecraft:sheep":8,"minecraft:zombie":8,"minecraft:player":2,"minecraft:villager":2,"minecraft:enderman":2,"minecraft:cow":2},"minecraft:custom":{"minecraft:interact_with_smithing_table":1,"minecraft:mob_kills":30,"minecraft:animals_bred":14,"minecraft:inspect_hopper":2,"minecraft:interact_with_crafting_table":90,"minecraft:open_barrel":10,"minecraft:bell_ring":9,"minecraft:leave_game":10,"minecraft:time_since_death":381077,"minecraft:climb_one_cm":66559,"minecraft:sprint_one_cm":1053133,"minecraft:walk_one_cm":1906644,"minecraft:damage_blocked_by_shield":1720,"minecraft:drop":79,"minecraft:talked_to_villager":12,"minecraft:play_time":608417,"minecraft:deaths":1,"minecraft:sneak_time":28386,"minecraft:walk_under_water_one_cm":61151,"minecraft:jump":3673,"minecraft:walk_on_water_one_cm":34272,"minecraft:total_world_time":608417,"minecraft:interact_with_furnace":60,"minecraft:interact_with_cartography_table":1,"minecraft:interact_with_stonecutter":3,"minecraft:sleep_in_bed":34,"minecraft:time_since_rest":2043,"minecraft:damage_taken":2371,"minecraft:damage_dealt":3591,"minecraft:swim_one_cm":27224,"minecraft:player_kills":1,"minecraft:fly_one_cm":264838,"minecraft:open_chest":87,"minecraft:crouch_one_cm":60048,"minecraft:interact_with_smoker":7,"minecraft:fall_one_cm":65786,"minecraft:horse_one_cm":16},"minecraft:crafted":{"immersive_aircraft:engine":2,"minecraft:smooth_stone":73,"minecraft:oak_planks":524,"minecraft:cobblestone_slab":24,"minecraft:smooth_stone_slab":72,"minecraft:iron_nugget":36,"minecraft:cooked_chicken":6,"minecraft:furnace":7,"minecraft:blast_furnace":2,"immersive_aircraft:biplane":2,"minecraft:piston":4,"minecraft:stone":127,"minecraft:cobblestone_stairs":24,"minecraft:bone_meal":18,"minecraft:cooked_mutton":6,"minecraft:glass_pane":192,"minecraft:glass":76,"minecraft:iron_boots":1,"minecraft:iron_axe":1,"minecraft:ladder":15,"immersive_aircraft:hull":6,"minecraft:stone_pickaxe":1,"minecraft:chest":2,"minecraft:stone_hoe":1,"variantcraftingtables:mangrove_crafting_table":1,"minecraft:cooked_beef":2,"minecraft:oak_slab":18,"immersive_aircraft:boiler":2,"minecraft:crafting_table":3,"minecraft:iron_helmet":1,"minecraft:iron_sword":1,"minecraft:copper_ingot":22,"minecraft:mangrove_planks":8,"minecraft:stone_axe":2,"immersive_aircraft:propeller":2,"minecraft:bread":10,"another_furniture:black_lamp":3,"betterarcheology:bomb":4,"minecraft:iron_chestplate":1,"minecraft:stick":60,"minecraft:oak_stairs":32,"minecraft:iron_ingot":90,"minecraft:iron_pickaxe":1,"minecraft:wooden_axe":1,"minecraft:iron_shovel":1,"minecraft:iron_leggings":1,"minecraft:stonecutter":1,"minecraft:gray_carpet":9,"minecraft:torch":56,"minecraft:shears":1,"minecraft:firework_rocket":15},"minecraft:killed_by":{"minecraft:enderman":1},"minecraft:broken":{"minecraft:iron_shovel":1,"minecraft:shears":3,"minecraft:stone_pickaxe":3,"minecraft:iron_axe":1,"minecraft:stone_axe":1,"minecraft:golden_pickaxe":1},"minecraft:dropped":{"minecraft:bread":3,"minecraft:iron_ingot":1,"minecraft:oak_slab":14,"minecraft:wheat_seeds":11,"minecraft:oak_log":105,"minecraft:feather":4,"minecraft:mossy_cobblestone":1,"minecraft:diamond":1,"minecraft:crafting_table":1,"immersive_aircraft:biplane":1,"minecraft:apple":5,"minecraft:mangrove_propagule":1,"minecraft:honeycomb":3,"minecraft:coal":5,"minecraft:dirt":48,"betterarcheology:bomb":2,"minecraft:gray_wool":15,"minecraft:grass":2,"overweight_farming:overweight_potato_block":4,"minecraft:iron_leggings":1,"minecraft:sand":101,"minecraft:gold_nugget":9,"minecraft:cactus":1,"minecraft:bucket":2,"minecraft:birch_log":7,"minecraft:dandelion":7,"minecraft:compass":2,"immersive_weathering:sandy_dirt":10,"minecraft:wheat":2,"minecraft:birch_sapling":2,"minecraft:rotten_flesh":7,"minecraft:oak_planks":184,"minecraft:glass_pane":5,"minecraft:poppy":1,"minecraft:cobblestone_slab":6,"minecraft:bundle":3,"minecraft:beetroot_seeds":9,"minecraft:leather_boots":1,"minecraft:oak_sapling":20,"minecraft:glass":2,"minecraft:stone_pickaxe":2,"minecraft:cooked_rabbit":3,"minecraft:oak_leaves":140,"minecraft:firework_rocket":8},"minecraft:mined":{"minecraft:cobblestone_stairs":3,"minecraft:mangrove_roots":2,"minecraft:spruce_trapdoor":1,"immersive_weathering:birch_leaf_pile":2,"minecraft:ladder":11,"minecraft:grass_block":64,"minecraft:spruce_fence":1,"minecraft:oxeye_daisy":1,"minecraft:mangrove_propagule":1,"minecraft:green_wall_banner":1,"minecraft:smooth_stone":3,"minecraft:large_fern":3,"immersive_weathering:mossy_stone":2,"minecraft:iron_ore":37,"minecraft:chiseled_sandstone":2,"treechop:chopped_log":38,"minecraft:azure_bluet":2,"minecraft:cave_vines":2,"minecraft:flowering_azalea_leaves":1,"minecraft:oak_stairs":11,"minecraft:lantern":2,"immersive_weathering:grassy_sandy_dirt":4,"immersive_weathering:ivy":73,"betterarcheology:loot_vase":3,"minecraft:stone":435,"minecraft:white_wool":1,"minecraft:green_bed":3,"immersive_weathering:oak_leaf_pile":16,"minecraft:oak_slab":4,"minecraft:glass_pane":13,"minecraft:dandelion":4,"minecraft:cornflower":1,"minecraft:crafting_table":5,"minecraft:torch":1,"minecraft:poppy":1,"minecraft:rose_bush":1,"minecraft:dead_bush":1,"minecraft:tall_grass":99,"minecraft:cobblestone":6,"minecraft:oak_planks":55,"variantcraftingtables:mangrove_crafting_table":2,"minecraft:wall_torch":6,"supplementaries:urn":6,"minecraft:coarse_dirt":1,"minecraft:cobblestone_wall":3,"betterarcheology:loot_vase_creeper":5,"minecraft:birch_log":3,"minecraft:wheat":133,"minecraft:gray_bed":4,"minecraft:birch_leaves":22,"minecraft:white_wall_banner":1,"minecraft:mangrove_leaves":6,"minecraft:bee_nest":1,"minecraft:smooth_stone_slab":1,"minecraft:grass":477,"minecraft:oak_log":32,"minecraft:coal_ore":61,"minecraft:sand":374,"minecraft:dirt":56,"immersive_weathering:weeds":11,"minecraft:mangrove_log":2,"minecraft:oak_leaves":643,"minecraft:fern":4},"minecraft:used":{"minecraft:iron_shovel":478,"minecraft:ladder":11,"minecraft:chest":2,"minecraft:shield":29,"minecraft:iron_sword":38,"minecraft:cooked_chicken":11,"minecraft:cooked_salmon":4,"minecraft:stone_hoe":71,"immersive_weathering:ivy":68,"another_furniture:black_lamp":3,"minecraft:iron_chestplate":2,"minecraft:torch":99,"minecraft:dirt":52,"minecraft:glass":2,"minecraft:wooden_axe":44,"minecraft:oak_stairs":37,"minecraft:iron_axe":493,"minecraft:iron_helmet":2,"minecraft:iron_boots":1,"variantcraftingtables:mangrove_crafting_table":3,"minecraft:bow":26,"minecraft:oak_sapling":13,"minecraft:furnace":5,"minecraft:gray_bed":5,"minecraft:egg":17,"immersive_aircraft:biplane":1,"minecraft:cooked_beef":2,"minecraft:iron_leggings":2,"minecraft:wheat_seeds":203,"minecraft:cooked_mutton":6,"minecraft:water_bucket":16,"minecraft:cobblestone_stairs":29,"minecraft:stone_pickaxe":505,"minecraft:gray_carpet":10,"minecraft:baked_potato":4,"minecraft:oak_planks":465,"minecraft:stonecutter":1,"minecraft:green_bed":3,"minecraft:cobblestone_slab":12,"minecraft:oak_leaves":441,"minecraft:cookie":4,"minecraft:white_wool":3,"minecraft:glow_berries":1,"minecraft:sand":91,"minecraft:oak_slab":9,"minecraft:crafting_table":7,"minecraft:shears":637,"minecraft:oak_log":177,"minecraft:apple":3,"minecraft:oxeye_daisy":1,"minecraft:bread":63,"minecraft:iron_pickaxe":47,"minecraft:stone_axe":145,"minecraft:cobblestone":89,"minecraft:dandelion":1,"minecraft:glass_pane":187,"minecraft:bone_meal":20,"minecraft:smooth_stone_slab":73,"minecraft:bucket":15,"minecraft:smooth_stone":13,"minecraft:experience_bottle":3,"minecraft:golden_pickaxe":32},"minecraft:picked_up":{"minecraft:iron_chestplate":1,"minecraft:crafting_table":6,"minecraft:wheat":115,"minecraft:azure_bluet":2,"minecraft:chicken":6,"minecraft:ladder":11,"artifacts:umbrella":2,"minecraft:oak_stairs":11,"minecraft:shield":2,"minecraft:cornflower":1,"minecraft:iron_axe":1,"minecraft:cooked_salmon":4,"minecraft:smooth_stone_slab":1,"minecraft:iron_leggings":2,"minecraft:compass":3,"minecraft:iron_shovel":1,"minecraft:glass_pane":5,"minecraft:gold_nugget":27,"minecraft:smooth_stone":7,"minecraft:bucket":2,"minecraft:beef":2,"minecraft:rose_bush":1,"minecraft:poppy":2,"minecraft:light_gray_wool":1,"minecraft:spruce_trapdoor":1,"minecraft:birch_sapling":4,"minecraft:mangrove_log":2,"minecraft:egg":9,"minecraft:iron_boots":1,"minecraft:furnace":3,"minecraft:stick":69,"minecraft:raw_iron":116,"minecraft:stone":3,"minecraft:copper_ingot":15,"minecraft:torch":46,"minecraft:green_bed":3,"minecraft:spruce_fence":1,"minecraft:cookie":4,"minecraft:redstone":44,"minecraft:green_banner":1,"minecraft:arrow":36,"minecraft:rotten_flesh":9,"minecraft:beetroot_seeds":9,"minecraft:pumpkin_pie":1,"minecraft:shears":2,"minecraft:hay_block":1,"supplementaries:ash":13,"minecraft:glow_berries":1,"minecraft:mutton":5,"minecraft:white_wool":4,"minecraft:cobblestone":459,"minecraft:oxeye_daisy":1,"minecraft:birch_log":8,"minecraft:birch_leaves":1,"minecraft:feather":4,"minecraft:leather":1,"immersive_weathering:sandy_dirt":20,"minecraft:potato":2,"minecraft:oak_log":549,"immersive_weathering:ivy":68,"minecraft:gunpowder":12,"minecraft:cobblestone_stairs":6,"minecraft:lapis_lazuli":13,"minecraft:dirt":171,"minecraft:lantern":2,"minecraft:white_banner":1,"minecraft:glass":2,"minecraft:bone":19,"immersive_weathering:weeds":18,"minecraft:apple":8,"minecraft:gray_carpet":1,"minecraft:bow":2,"minecraft:wheat_seeds":378,"minecraft:stone_pickaxe":5,"minecraft:iron_ingot":8,"minecraft:cooked_chicken":5,"minecraft:gray_bed":5,"minecraft:oak_planks":254,"minecraft:honeycomb":3,"minecraft:iron_sword":1,"minecraft:oak_slab":21,"overweight_farming:overweight_potato_block":4,"variantcraftingtables:mangrove_crafting_table":2,"betterarcheology:artifact_shards":1,"minecraft:dandelion":8,"minecraft:spyglass":1,"minecraft:sand":371,"minecraft:mossy_cobblestone":3,"minecraft:chiseled_sandstone":1,"minecraft:bundle":4,"minecraft:diamond":2,"minecraft:stone_axe":1,"minecraft:iron_helmet":1,"minecraft:grass":4,"minecraft:bone_meal":2,"minecraft:gray_wool":22,"minecraft:bread":2,"minecraft:black_wool":2,"minecraft:baked_potato":4,"minecraft:melon_seeds":2,"minecraft:oak_sapling":55,"minecraft:coal":133,"minecraft:mangrove_propagule":1,"minecraft:oak_leaves":719}},"DataVersion":3465}