{"stats":{"minecraft:custom":{"minecraft:jump":16,"minecraft:time_since_rest":1105,"minecraft:leave_game":1,"minecraft:sprint_one_cm":357,"minecraft:play_time":1105,"minecraft:time_since_death":1105,"minecraft:walk_one_cm":1066,"minecraft:total_world_time":1105,"minecraft:fly_one_cm":694},"minecraft:picked_up":{"minecraft:jungle_log":1},"minecraft:mined":{"minecraft:jungle_log":1,"minecraft:oak_leaves":2},"minecraft:crafted":{"minecraft:crafting_table":1,"minecraft:jungle_planks":4}},"DataVersion":3117}