{"stats":{"minecraft:dropped":{"minecraft:rotten_flesh":2},"minecraft:custom":{"minecraft:time_since_rest":22039,"minecraft:interact_with_furnace":23,"minecraft:sprint_one_cm":4846,"minecraft:damage_taken":228,"minecraft:walk_one_cm":102841,"minecraft:mob_kills":8,"minecraft:drop":2,"minecraft:damage_dealt":1577,"minecraft:interact_with_crafting_table":9,"minecraft:fly_one_cm":4831,"minecraft:crouch_one_cm":123,"minecraft:play_time":22039,"minecraft:sneak_time":130,"minecraft:walk_under_water_one_cm":3029,"minecraft:jump":214,"minecraft:leave_game":2,"minecraft:time_since_death":22039,"minecraft:walk_on_water_one_cm":10470,"minecraft:total_world_time":22039,"minecraft:fall_one_cm":1910},"minecraft:crafted":{"variantcraftingtables:spruce_crafting_table":1,"minecraft:iron_boots":1,"minecraft:iron_chestplate":1,"minecraft:shield":1,"minecraft:spruce_planks":24,"minecraft:stick":8,"minecraft:iron_ingot":19,"minecraft:wooden_pickaxe":1,"minecraft:iron_helmet":1,"minecraft:stone_pickaxe":1,"minecraft:stone_sword":1,"minecraft:furnace":1,"minecraft:torch":4,"minecraft:stone_axe":1,"minecraft:air":0},"minecraft:mined":{"minecraft:furnace":1,"minecraft:iron_ore":19,"variantcraftingtables:spruce_crafting_table":2,"minecraft:spruce_log":6,"minecraft:coal_ore":35,"minecraft:cobblestone":4,"minecraft:stone":31},"minecraft:picked_up":{"minecraft:raw_iron":19,"minecraft:spruce_log":6,"minecraft:rotten_flesh":4,"variantcraftingtables:spruce_crafting_table":2,"minecraft:coal":35,"minecraft:cobblestone":43,"minecraft:furnace":1},"minecraft:killed":{"minecraft:zombie":14,"minecraft:bat":2},"minecraft:used":{"variantcraftingtables:spruce_crafting_table":2,"minecraft:stone_sword":32,"minecraft:stone_pickaxe":80,"minecraft:wooden_pickaxe":10,"minecraft:rotten_flesh":2,"minecraft:stone_axe":2,"minecraft:torch":1,"minecraft:cobblestone":5,"minecraft:furnace":1}},"DataVersion":3465}