{"stats":{"minecraft:mined":{"minecraft:coal_ore":20,"minecraft:spruce_log":6,"minecraft:stone":12},"minecraft:custom":{"minecraft:time_since_rest":5434,"minecraft:play_time":5434,"minecraft:sprint_one_cm":2426,"minecraft:damage_taken":30,"minecraft:walk_one_cm":39530,"minecraft:sneak_time":24,"minecraft:jump":41,"minecraft:leave_game":2,"minecraft:time_since_death":5434,"minecraft:total_world_time":5434,"minecraft:interact_with_crafting_table":3,"minecraft:fall_one_cm":1254,"minecraft:fly_one_cm":3092},"minecraft:picked_up":{"minecraft:spruce_log":6,"minecraft:coal":20,"minecraft:cobblestone":12},"minecraft:crafted":{"variantcraftingtables:spruce_crafting_table":1,"minecraft:spruce_planks":24,"minecraft:stick":4,"minecraft:wooden_pickaxe":1,"minecraft:stone_pickaxe":1},"minecraft:used":{"variantcraftingtables:spruce_crafting_table":1,"minecraft:stone_pickaxe":22,"minecraft:wooden_pickaxe":10}},"DataVersion":3465}