{"stats":{"minecraft:custom":{"minecraft:time_since_rest":10039,"minecraft:crouch_one_cm":31,"minecraft:play_time":10039,"minecraft:sprint_one_cm":4846,"minecraft:damage_taken":30,"minecraft:walk_one_cm":59142,"minecraft:sneak_time":48,"minecraft:jump":77,"minecraft:damage_dealt":10,"minecraft:leave_game":2,"minecraft:time_since_death":10039,"minecraft:total_world_time":10039,"minecraft:fall_one_cm":1523,"minecraft:interact_with_crafting_table":4,"minecraft:fly_one_cm":4765},"minecraft:crafted":{"minecraft:stone_sword":1,"variantcraftingtables:spruce_crafting_table":1,"minecraft:torch":4,"minecraft:stone_axe":1,"minecraft:spruce_planks":24,"minecraft:stick":8,"minecraft:wooden_pickaxe":1,"minecraft:stone_pickaxe":1},"minecraft:mined":{"minecraft:coal_ore":33,"variantcraftingtables:spruce_crafting_table":1,"minecraft:spruce_log":6,"minecraft:stone":15},"minecraft:picked_up":{"minecraft:spruce_log":6,"variantcraftingtables:spruce_crafting_table":1,"minecraft:coal":33,"minecraft:cobblestone":19},"minecraft:used":{"minecraft:stone_axe":1,"variantcraftingtables:spruce_crafting_table":1,"minecraft:stone_pickaxe":38,"minecraft:wooden_pickaxe":10}},"DataVersion":3465}