{
  "yungscavebiomes:root": {
    "criteria": {
      "always": "2024-10-11 03:16:23 +0000"
    },
    "done": true
  },
  "betterdeserttemples:root": {
    "criteria": {
      "always": "2024-10-11 03:16:23 +0000"
    },
    "done": true
  },
  "betterdungeons:root": {
    "criteria": {
      "always": "2024-10-11 03:16:23 +0000"
    },
    "done": true
  },
  "incendium:technical/new_player": {
    "criteria": {
      "requirement": "2024-10-11 03:16:23 +0000"
    },
    "done": true
  },
  "repurposed_structures:root": {
    "criteria": {
      "always": "2024-10-11 03:16:23 +0000"
    },
    "done": true
  },
  "incendium:technical/using/shield": {
    "criteria": {
      "log_spam_fixer": "2024-10-11 03:16:27 +0000"
    },
    "done": false
  },
  "incendium:technical/using/trailblazer": {
    "criteria": {
      "log_spam_fixer": "2024-10-11 03:16:27 +0000"
    },
    "done": false
  },
  "incendium:technical/scroll_of_returning": {
    "criteria": {
      "log_spam_fixer": "2024-10-11 03:16:27 +0000"
    },
    "done": false
  },
  "minecraft:adventure/adventuring_time": {
    "criteria": {
      "minecraft:deep_ocean": "2024-10-13 16:32:41 +0000",
      "minecraft:eroded_badlands": "2024-10-12 07:04:19 +0000",
      "minecraft:savanna_plateau": "2024-10-12 07:02:10 +0000",
      "minecraft:beach": "2024-10-11 03:33:33 +0000",
      "minecraft:mangrove_swamp": "2024-10-11 03:38:42 +0000",
      "minecraft:lukewarm_ocean": "2024-10-11 03:34:39 +0000",
      "minecraft:river": "2024-10-12 06:08:22 +0000",
      "minecraft:swamp": "2024-10-11 03:16:27 +0000",
      "minecraft:forest": "2024-10-11 03:19:39 +0000",
      "minecraft:desert": "2024-10-12 07:04:26 +0000",
      "minecraft:ocean": "2024-10-12 06:10:02 +0000",
      "minecraft:windswept_savanna": "2024-10-11 03:33:39 +0000",
      "minecraft:warm_ocean": "2024-10-12 07:07:26 +0000",
      "minecraft:deep_lukewarm_ocean": "2024-10-13 16:44:04 +0000",
      "minecraft:savanna": "2024-10-12 07:01:15 +0000",
      "minecraft:plains": "2024-10-11 03:19:46 +0000"
    },
    "done": false
  },
  "incendium:technical/using/ragnarok": {
    "criteria": {
      "log_spam_fixer": "2024-10-11 03:16:27 +0000"
    },
    "done": false
  },
  "minecraft:adventure/root": {
    "criteria": {
      "killed_something": "2024-10-11 03:19:55 +0000"
    },
    "done": true
  },
  "immersive_weathering:immersive_weathering/dirts": {
    "criteria": {
      "sandy_dirt": "2024-10-13 15:17:43 +0000",
      "dirt": "2024-10-11 03:24:37 +0000"
    },
    "done": false
  },
  "minecraft:adventure/sleep_in_bed": {
    "criteria": {
      "slept_in_bed": "2024-10-11 03:28:09 +0000"
    },
    "done": true
  },
  "minecraft:husbandry/balanced_diet": {
    "criteria": {
      "cooked_mutton": "2024-10-11 03:34:58 +0000",
      "cooked_beef": "2024-10-11 03:29:59 +0000",
      "baked_potato": "2024-10-12 04:53:54 +0000",
      "apple": "2024-10-12 05:05:19 +0000",
      "pumpkin_pie": "2024-10-19 04:28:35 +0000",
      "bread": "2024-10-12 03:44:35 +0000",
      "cookie": "2024-10-12 04:46:21 +0000",
      "glow_berries": "2024-10-12 05:18:14 +0000",
      "cooked_chicken": "2024-10-11 04:09:30 +0000",
      "cooked_salmon": "2024-10-12 05:18:34 +0000"
    },
    "done": false
  },
  "minecraft:husbandry/root": {
    "criteria": {
      "consumed_item": "2024-10-11 03:29:59 +0000"
    },
    "done": true
  },
  "minecraft:story/mine_stone": {
    "criteria": {
      "get_stone": "2024-10-11 03:32:23 +0000"
    },
    "done": true
  },
  "minecraft:story/upgrade_tools": {
    "criteria": {
      "stone_pickaxe": "2024-10-11 03:32:32 +0000"
    },
    "done": true
  },
  "minecraft:story/smelt_iron": {
    "criteria": {
      "iron": "2024-10-11 03:56:19 +0000"
    },
    "done": true
  },
  "minecraft:adventure/kill_all_mobs": {
    "criteria": {
      "minecraft:pillager": "2024-10-17 03:13:06 +0000",
      "minecraft:skeleton": "2024-10-12 04:32:51 +0000",
      "minecraft:ravager": "2024-10-17 03:38:51 +0000",
      "minecraft:vindicator": "2024-10-17 03:16:53 +0000",
      "minecraft:spider": "2024-10-17 02:38:15 +0000",
      "minecraft:creeper": "2024-10-12 04:55:20 +0000",
      "minecraft:witch": "2024-10-17 03:36:27 +0000",
      "minecraft:husk": "2024-10-12 22:32:46 +0000",
      "minecraft:enderman": "2024-10-12 05:19:18 +0000",
      "minecraft:vex": "2024-10-17 03:41:03 +0000",
      "minecraft:zombie": "2024-10-11 04:04:45 +0000",
      "minecraft:drowned": "2024-10-13 16:39:34 +0000",
      "minecraft:zombie_villager": "2024-10-19 04:37:09 +0000"
    },
    "done": false
  },
  "minecraft:adventure/kill_a_mob": {
    "criteria": {
      "minecraft:zombie": "2024-10-11 04:04:45 +0000"
    },
    "done": true
  },
  "paraglider:root": {
    "criteria": {
      "crafting_table": "2024-10-12 04:17:37 +0000"
    },
    "done": true
  },
  "aquamirae:adventure/root": {
    "criteria": {
      "crafting_table": "2024-10-12 04:17:37 +0000"
    },
    "done": true
  },
  "minecraft:story/root": {
    "criteria": {
      "crafting_table": "2024-10-12 04:17:37 +0000"
    },
    "done": true
  },
  "minecraft:story/deflect_arrow": {
    "criteria": {
      "deflected_projectile": "2024-10-12 04:26:38 +0000"
    },
    "done": true
  },
  "minecraft:story/obtain_armor": {
    "criteria": {
      "iron_chestplate": "2024-10-12 04:34:02 +0000"
    },
    "done": true
  },
  "minecraft:adventure/shoot_arrow": {
    "criteria": {
      "shot_arrow": "2024-10-12 04:40:58 +0000"
    },
    "done": true
  },
  "minecraft:story/mine_diamond": {
    "criteria": {
      "diamond": "2024-10-12 04:43:17 +0000"
    },
    "done": true
  },
  "artifacts:amateur_archaeologist": {
    "criteria": {
      "find_artifact": "2024-10-12 04:44:18 +0000"
    },
    "done": true
  },
  "minecraft:husbandry/plant_seed": {
    "criteria": {
      "wheat": "2024-10-12 05:03:18 +0000"
    },
    "done": true
  },
  "minecraft:husbandry/bred_all_animals": {
    "criteria": {
      "minecraft:sheep": "2024-10-12 05:22:37 +0000",
      "minecraft:chicken": "2024-10-12 05:10:25 +0000"
    },
    "done": false
  },
  "minecraft:husbandry/breed_an_animal": {
    "criteria": {
      "bred": "2024-10-12 05:10:25 +0000"
    },
    "done": true
  },
  "minecraft:husbandry/tame_an_animal": {
    "criteria": {
      "tamed_animal": "2024-10-12 05:10:38 +0000"
    },
    "done": true
  },
  "minecraft:story/iron_tools": {
    "criteria": {
      "iron_pickaxe": "2024-10-12 06:15:17 +0000"
    },
    "done": true
  },
  "betterarcheology:loot_vase_broken": {
    "criteria": {
      "criteria": "2024-10-12 06:58:03 +0000"
    },
    "done": true
  },
  "betterarcheology:artifact_shards": {
    "criteria": {
      "has_shards": "2024-10-12 06:58:10 +0000"
    },
    "done": true
  },
  "betterarcheology:used_bomb_item": {
    "criteria": {
      "criteria": "2024-10-12 07:09:01 +0000"
    },
    "done": true
  },
  "immersive_weathering:immersive_weathering/weeds": {
    "criteria": {
      "wheat": "2024-10-17 02:01:47 +0000"
    },
    "done": true
  },
  "minecraft:adventure/voluntary_exile": {
    "criteria": {
      "voluntary_exile": "2024-10-17 03:13:06 +0000"
    },
    "done": true
  },
  "minecraft:adventure/ol_betsy": {
    "criteria": {
      "shot_crossbow": "2024-10-17 03:35:30 +0000"
    },
    "done": true
  },
  "minecraft:adventure/totem_of_undying": {
    "criteria": {
      "used_totem": "2024-10-17 03:41:11 +0000"
    },
    "done": true
  },
  "minecraft:adventure/whos_the_pillager_now": {
    "criteria": {
      "kill_pillager": "2024-10-19 03:27:39 +0000"
    },
    "done": true
  },
  "nova_structures:adventure/find_all_illager_structures": {
    "criteria": {
      "illager_camp": "2024-10-20 16:33:21 +0000"
    },
    "done": false
  },
  "DataVersion": 3465
}